,Date,Price,Open,High,Low,Vol.,Change %
0,"Jan 31, 2020","1,018.08","1,028.78","1,030.82","1,018.08",1.27M,-0.65%
1,"Jan 30, 2020","1,024.76","1,019.45","1,026.60","1,018.64",1.08M,-0.18%
2,"Jan 29, 2020","1,026.58","1,024.56","1,028.98","1,015.59",1.41M,0.95%
3,"Jan 28, 2020","1,016.90","1,020.87","1,032.81","1,012.31",1.55M,-0.74%
4,"Jan 27, 2020","1,024.53","1,041.33","1,042.98","1,019.61",1.96B,-3.33%
5,"Jan 24, 2020","1,059.82","1,064.02","1,064.79","1,057.64",1.13B,-0.28%
6,"Jan 23, 2020","1,062.84","1,060.05","1,066.01","1,056.94",1.40B,-0.05%
7,"Jan 22, 2020","1,063.33","1,066.02","1,066.97","1,056.99",1.83B,0.10%
8,"Jan 21, 2020","1,062.26","1,066.66","1,070.09","1,060.49",1.76B,-0.89%
9,"Jan 20, 2020","1,071.80","1,077.28","1,078.48","1,069.72",1.46B,-0.87%
10,"Jan 17, 2020","1,081.22","1,081.83","1,084.23","1,078.16",1.36B,0.22%
11,"Jan 16, 2020","1,078.87","1,068.58","1,080.94","1,067.44",1.34B,1.05%
12,"Jan 15, 2020","1,067.66","1,069.78","1,073.38","1,063.70",1.27B,-0.59%
13,"Jan 14, 2020","1,074.04","1,076.57","1,078.39","1,067.77",1.28B,-0.02%
14,"Jan 13, 2020","1,074.25","1,075.44","1,077.54","1,068.69",1.14B,0.30%
15,"Jan 10, 2020","1,071.03","1,073.46","1,074.07","1,065.68",1.23B,-0.01%
16,"Jan 09, 2020","1,071.15","1,066.38","1,073.19","1,061.88",1.78B,1.32%
17,"Jan 08, 2020","1,057.19","1,063.94","1,066.77","1,054.24",1.97B,-1.66%
18,"Jan 07, 2020","1,075.07","1,071.20","1,075.20","1,062.78",1.58B,1.06%
19,"Jan 06, 2020","1,063.83","1,072.49","1,074.50","1,061.17",2.03B,-1.45%
20,"Jan 03, 2020","1,079.50","1,081.12","1,086.71","1,077.32",1.48B,-0.14%
21,"Jan 02, 2020","1,081.00","1,072.36","1,083.41","1,071.16",1.75B,1.17%
22,"Dec 30, 2019","1,068.50","1,071.21","1,072.95","1,066.34",778.80M,-0.02%
23,"Dec 27, 2019","1,068.72","1,074.67","1,077.51","1,059.21",1.03B,-0.19%
24,"Dec 26, 2019","1,070.74","1,068.57","1,071.84","1,066.53",752.04M,0.26%
25,"Dec 25, 2019","1,067.99","1,062.79","1,069.60","1,061.32",591.91M,0.26%
26,"Dec 24, 2019","1,065.23","1,070.38","1,071.83","1,063.74",1.27B,-0.40%
27,"Dec 23, 2019","1,069.53","1,069.11","1,075.29","1,067.13",1.42B,0.18%
28,"Dec 20, 2019","1,067.62","1,067.24","1,070.42","1,061.71",1.75B,-0.07%
29,"Dec 19, 2019","1,068.39","1,057.78","1,071.73","1,052.51",2.77B,0.54%
30,"Dec 18, 2019","1,062.62","1,055.62","1,064.39","1,054.99",1.38B,1.22%
31,"Dec 17, 2019","1,049.84","1,049.57","1,054.45","1,043.16",1.43B,0.17%
32,"Dec 16, 2019","1,048.08","1,065.46","1,066.21","1,048.08",969.06M,-1.74%
33,"Dec 13, 2019","1,066.63","1,069.18","1,072.76","1,062.63",1.62B,0.83%
34,"Dec 12, 2019","1,057.87","1,054.20","1,062.31","1,051.95",1.59B,0.86%
35,"Dec 11, 2019","1,048.85","1,049.20","1,052.84","1,043.54",1.56B,0.17%
36,"Dec 09, 2019","1,047.02","1,049.48","1,049.56","1,041.28",1.29B,-0.17%
37,"Dec 06, 2019","1,048.76","1,057.54","1,061.04","1,047.89",1.15B,-0.44%
38,"Dec 04, 2019","1,053.40","1,049.74","1,056.88","1,045.39",1.65B,-0.08%
39,"Dec 03, 2019","1,054.28","1,049.45","1,058.44","1,048.25",1.35B,-0.06%
40,"Dec 02, 2019","1,054.88","1,068.96","1,069.60","1,051.89",1.14B,-1.43%
41,"Nov 29, 2019","1,070.23","1,073.66","1,073.93","1,062.23",1.59B,-0.66%
42,"Nov 28, 2019","1,077.30","1,083.92","1,085.02","1,074.97",1.62B,-0.63%
43,"Nov 27, 2019","1,084.13","1,085.52","1,087.82","1,081.31",2.02B,0.04%
44,"Nov 26, 2019","1,083.70","1,092.29","1,094.05","1,082.99",3.02B,-0.55%
45,"Nov 25, 2019","1,089.67","1,081.87","1,089.67","1,079.97",1.73B,1.13%
46,"Nov 22, 2019","1,077.51","1,075.47","1,079.03","1,071.86",1.36B,0.41%
47,"Nov 21, 2019","1,073.10","1,074.03","1,075.35","1,066.41",1.78B,-0.25%
48,"Nov 20, 2019","1,075.77","1,077.33","1,080.51","1,074.20",1.63B,-0.78%
49,"Nov 19, 2019","1,084.27","1,083.42","1,086.89","1,078.58",1.36B,-0.14%
50,"Nov 18, 2019","1,085.81","1,084.34","1,088.15","1,077.73",1.28B,0.37%
51,"Nov 15, 2019","1,081.78","1,088.21","1,089.77","1,076.17",1.68B,-0.34%
52,"Nov 14, 2019","1,085.44","1,089.47","1,092.62","1,081.89",1.04B,-0.27%
53,"Nov 13, 2019","1,088.37","1,091.90","1,097.07","1,084.58",916.22M,-0.67%
54,"Nov 12, 2019","1,095.68","1,095.28","1,101.81","1,092.64",992.15M,0.27%
55,"Nov 11, 2019","1,092.69","1,098.91","1,100.60","1,089.82",1.53B,-0.98%
56,"Nov 08, 2019","1,103.55","1,105.85","1,107.13","1,100.39",1.36B,-0.24%
57,"Nov 07, 2019","1,106.15","1,092.68","1,106.64","1,089.14",1.43B,1.16%
58,"Nov 06, 2019","1,093.50","1,096.32","1,099.82","1,091.50",1.42B,-0.30%
59,"Nov 05, 2019","1,096.79","1,097.78","1,098.66","1,089.13",1.30B,0.39%
60,"Nov 04, 2019","1,092.58","1,076.72","1,095.29","1,075.76",1.22B,2.23%
61,"Nov 01, 2019","1,068.71","1,072.65","1,075.43","1,065.93",979.38M,-0.42%
62,"Oct 31, 2019","1,073.26","1,079.82","1,081.76","1,072.74",1.38B,-0.25%
63,"Oct 30, 2019","1,075.91","1,069.02","1,075.91","1,064.61",1.45B,0.88%
64,"Oct 29, 2019","1,066.48","1,074.50","1,077.29","1,064.36",1.18B,-0.39%
65,"Oct 28, 2019","1,070.68","1,066.17","1,073.49","1,057.94",1.20B,0.41%
66,"Oct 25, 2019","1,066.34","1,083.17","1,085.02","1,065.08",1.61B,-1.58%
67,"Oct 24, 2019","1,083.43","1,093.33","1,094.66","1,080.29",1.54B,-0.54%
68,"Oct 22, 2019","1,089.35","1,084.66","1,090.19","1,084.06",1.04B,0.74%
69,"Oct 21, 2019","1,081.38","1,088.23","1,089.41","1,079.80",1.32B,-0.73%
70,"Oct 18, 2019","1,089.28","1,091.65","1,094.74","1,083.01",1.81B,-0.13%
71,"Oct 17, 2019","1,090.67","1,095.38","1,096.38","1,087.74",1.70B,-0.06%
72,"Oct 16, 2019","1,091.29","1,087.84","1,093.41","1,086.72",1.59B,0.54%
73,"Oct 15, 2019","1,085.38","1,087.31","1,089.67","1,080.62",963.07M,0.15%
74,"Oct 11, 2019","1,083.77","1,073.15","1,085.12","1,072.81",1.19B,1.52%
75,"Oct 10, 2019","1,067.54","1,073.96","1,075.22","1,067.46",879.36M,-0.84%
76,"Oct 09, 2019","1,076.56","1,071.29","1,078.10","1,066.68",869.37M,0.43%
77,"Oct 08, 2019","1,071.95","1,079.41","1,081.86","1,070.10",796.42M,-0.19%
78,"Oct 07, 2019","1,074.00","1,072.78","1,076.66","1,069.14",858.64M,0.59%
79,"Oct 04, 2019","1,067.75","1,072.57","1,074.11","1,065.65",840.77M,-0.27%
80,"Oct 03, 2019","1,070.62","1,066.55","1,074.10","1,065.55",773.22M,-0.15%
81,"Oct 02, 2019","1,072.27","1,075.27","1,076.60","1,068.03",836.63M,-0.72%
82,"Oct 01, 2019","1,080.07","1,090.54","1,091.90","1,079.20",716.77M,-0.94%
83,"Sep 30, 2019","1,090.31","1,093.95","1,096.00","1,086.86",896.47M,-0.40%
84,"Sep 27, 2019","1,094.73","1,088.01","1,099.45","1,083.30",1.09B,0.57%
85,"Sep 26, 2019","1,088.50","1,086.04","1,089.88","1,083.09",1.30B,0.64%
86,"Sep 25, 2019","1,081.53","1,079.40","1,084.22","1,077.05",1.33B,-0.28%
87,"Sep 24, 2019","1,084.56","1,079.08","1,087.73","1,078.29",1.59B,0.55%
88,"Sep 23, 2019","1,078.65","1,088.04","1,088.74","1,077.05",1.11B,-0.95%
89,"Sep 20, 2019","1,089.04","1,090.31","1,093.41","1,080.92",1.66B,-0.12%
90,"Sep 19, 2019","1,090.34","1,102.35","1,106.01","1,087.93",1.52B,-0.93%
91,"Sep 18, 2019","1,100.54","1,107.30","1,108.43","1,097.22",1.33B,-0.66%
92,"Sep 17, 2019","1,107.82","1,104.87","1,113.26","1,103.19",1.57B,0.16%
93,"Sep 16, 2019","1,106.03","1,107.85","1,109.68","1,101.18",1.19B,0.21%
94,"Sep 13, 2019","1,103.67","1,106.12","1,107.85","1,098.89",1.21B,-0.02%
95,"Sep 12, 2019","1,103.91","1,118.36","1,118.99","1,102.25",1.60B,-1.03%
96,"Sep 11, 2019","1,115.39","1,110.44","1,115.91","1,104.78",1.82B,0.72%
97,"Sep 10, 2019","1,107.41","1,114.05","1,115.85","1,104.27",1.33B,-0.28%
98,"Sep 09, 2019","1,110.57","1,111.17","1,114.24","1,106.01",1.21B,0.12%
99,"Sep 06, 2019","1,109.20","1,114.82","1,116.11","1,106.88",1.02B,0.03%
100,"Sep 05, 2019","1,108.91","1,109.50","1,112.00","1,103.70",1.28B,0.82%
101,"Sep 04, 2019","1,099.93","1,092.64","1,104.83","1,089.86",1.33B,1.30%
102,"Sep 03, 2019","1,085.80","1,097.42","1,099.63","1,085.80",1.15B,-0.84%
103,"Sep 02, 2019","1,095.04","1,092.95","1,099.18","1,088.88",1.15B,-0.13%
104,"Aug 30, 2019","1,096.47","1,089.45","1,096.47","1,085.56",1.38B,1.21%
105,"Aug 29, 2019","1,083.32","1,069.89","1,083.57","1,068.52",1.46B,1.60%
106,"Aug 28, 2019","1,066.21","1,068.05","1,071.99","1,064.53",1.06B,0.09%
107,"Aug 27, 2019","1,065.29","1,072.86","1,077.08","1,062.02",1.84B,-0.60%
108,"Aug 26, 2019","1,071.74","1,069.03","1,073.10","1,060.50",1.52B,-1.56%
109,"Aug 23, 2019","1,088.69","1,081.42","1,088.90","1,079.87",1.19B,1.00%
110,"Aug 22, 2019","1,077.88","1,071.78","1,080.68","1,070.94",1.45B,-0.24%
111,"Aug 21, 2019","1,080.46","1,072.95","1,084.69","1,068.52",1.05B,0.96%
112,"Aug 20, 2019","1,070.23","1,083.71","1,084.26","1,067.35",1.23B,-0.88%
113,"Aug 19, 2019","1,079.75","1,081.66","1,084.91","1,076.71",1.39B,0.36%
114,"Aug 16, 2019","1,075.84","1,059.72","1,077.62","1,056.89",1.40B,1.85%
115,"Aug 15, 2019","1,056.32","1,055.51","1,065.21","1,046.62",2.14B,-0.90%
116,"Aug 14, 2019","1,065.92","1,076.52","1,081.74","1,059.91",1.52B,0.03%
117,"Aug 13, 2019","1,065.58","1,081.21","1,082.92","1,064.44",1.54B,-1.98%
118,"Aug 09, 2019","1,087.14","1,101.82","1,104.56","1,086.32",1.33B,-0.83%
119,"Aug 08, 2019","1,096.27","1,101.40","1,103.29","1,092.76",1.19B,-0.41%
120,"Aug 07, 2019","1,100.80","1,103.29","1,110.41","1,098.14",1.90B,-0.14%
121,"Aug 06, 2019","1,102.31","1,089.84","1,105.45","1,086.45",1.59B,0.35%
122,"Aug 05, 2019","1,098.46","1,105.37","1,111.18","1,097.85",1.01B,-1.32%
123,"Aug 02, 2019","1,113.17","1,110.65","1,115.31","1,103.58",1.66B,-1.01%
124,"Aug 01, 2019","1,124.54","1,126.28","1,128.70","1,120.73",951.75M,-0.56%
125,"Jul 31, 2019","1,130.92","1,124.85","1,134.54","1,123.89",932.50M,0.40%
126,"Jul 30, 2019","1,126.43","1,132.37","1,135.14","1,124.38",1.05B,-0.44%
127,"Jul 26, 2019","1,131.41","1,139.82","1,140.47","1,129.02",1.06B,-0.88%
128,"Jul 25, 2019","1,141.45","1,139.65","1,143.38","1,137.59",1.07B,0.28%
129,"Jul 24, 2019","1,138.31","1,141.43","1,143.30","1,134.60",930.09M,-0.11%
130,"Jul 23, 2019","1,139.56","1,143.01","1,144.44","1,135.51",1.47B,-0.10%
131,"Jul 22, 2019","1,140.67","1,145.21","1,147.59","1,137.71",1.48B,-0.63%
132,"Jul 19, 2019","1,147.90","1,149.21","1,150.79","1,145.27",1.31B,0.66%
133,"Jul 18, 2019","1,140.37","1,135.95","1,142.74","1,135.51",1.04B,0.14%
134,"Jul 17, 2019","1,138.76","1,140.72","1,144.84","1,137.97",1.26B,-0.34%
135,"Jul 15, 2019","1,142.60","1,144.34","1,149.35","1,140.69",1.19B,-0.04%
136,"Jul 12, 2019","1,143.08","1,153.51","1,154.76","1,140.54",1.80B,-0.62%
137,"Jul 11, 2019","1,150.20","1,155.86","1,157.57","1,148.28",1.87B,-0.08%
138,"Jul 10, 2019","1,151.09","1,140.75","1,153.02","1,138.06",1.74B,1.27%
139,"Jul 09, 2019","1,136.68","1,142.44","1,146.49","1,136.56",1.38B,-0.78%
140,"Jul 08, 2019","1,145.56","1,144.61","1,148.53","1,140.27",1.08B,-0.24%
141,"Jul 05, 2019","1,148.28","1,144.47","1,149.17","1,140.05",1.13B,0.37%
142,"Jul 04, 2019","1,144.08","1,156.88","1,161.21","1,137.41",1.89B,-0.93%
143,"Jul 03, 2019","1,154.77","1,153.27","1,158.18","1,149.73",1.24B,0.19%
144,"Jul 02, 2019","1,152.63","1,157.02","1,160.16","1,150.52",1.22B,-0.62%
145,"Jul 01, 2019","1,159.79","1,162.32","1,164.72","1,158.28",1.38B,0.78%
146,"Jun 28, 2019","1,150.85","1,152.10","1,155.09","1,149.82",1.31B,-0.13%
147,"Jun 27, 2019","1,152.36","1,148.90","1,155.69","1,147.71",1.18B,0.63%
148,"Jun 26, 2019","1,145.17","1,141.80","1,146.91","1,139.77",1.25B,-0.05%
149,"Jun 25, 2019","1,145.73","1,141.48","1,149.38","1,135.08",1.57B,0.33%
150,"Jun 24, 2019","1,141.98","1,146.84","1,148.18","1,139.73",1.14B,-0.04%
151,"Jun 21, 2019","1,142.46","1,147.97","1,152.44","1,140.21",2.11B,-0.19%
152,"Jun 20, 2019","1,144.64","1,139.15","1,148.56","1,135.93",1.84B,0.83%
153,"Jun 19, 2019","1,135.23","1,125.76","1,140.20","1,123.18",2.28B,1.59%
154,"Jun 18, 2019","1,117.49","1,103.10","1,117.74","1,101.70",1.40B,1.25%
155,"Jun 17, 2019","1,103.64","1,108.37","1,112.02","1,103.20",1.90B,-0.34%
156,"Jun 14, 2019","1,107.36","1,108.14","1,110.51","1,103.08",1.32B,-0.17%
157,"Jun 13, 2019","1,109.23","1,106.55","1,111.42","1,101.08",1.33B,0.09%
158,"Jun 12, 2019","1,108.20","1,107.08","1,109.40","1,103.78",1.16B,-0.03%
159,"Jun 11, 2019","1,108.53","1,104.75","1,112.21","1,101.76",1.20B,0.47%
160,"Jun 10, 2019","1,103.29","1,101.87","1,105.70","1,101.00",932.33M,0.71%
161,"Jun 07, 2019","1,095.52","1,099.81","1,100.88","1,093.35",642.84M,-0.15%
162,"Jun 06, 2019","1,097.14","1,095.07","1,099.20","1,090.42",950.28M,0.15%
163,"Jun 05, 2019","1,095.47","1,095.81","1,098.76","1,091.34",1.27B,0.68%
164,"Jun 04, 2019","1,088.03","1,078.64","1,090.70","1,076.83",1.35B,1.22%
165,"May 31, 2019","1,074.87","1,075.79","1,081.32","1,068.07",1.04B,-0.18%
166,"May 30, 2019","1,076.85","1,074.92","1,082.52","1,074.34",762.65M,0.18%
167,"May 29, 2019","1,074.89","1,084.46","1,085.27","1,073.94",993.65M,-0.89%
168,"May 28, 2019","1,084.58","1,081.99","1,085.97","1,074.68",4.22B,0.52%
169,"May 27, 2019","1,078.98","1,075.76","1,082.64","1,070.97",1.00B,0.64%
170,"May 24, 2019","1,072.13","1,065.77","1,075.63","1,061.58",1.18B,0.15%
171,"May 23, 2019","1,070.49","1,079.21","1,082.57","1,069.03",1.01B,-1.16%
172,"May 22, 2019","1,083.04","1,076.35","1,084.22","1,076.22",963.76M,1.07%
173,"May 21, 2019","1,071.60","1,069.54","1,076.75","1,065.17",1.15B,0.29%
174,"May 17, 2019","1,068.45","1,076.63","1,079.39","1,067.11",961.26M,-0.45%
175,"May 16, 2019","1,073.25","1,080.09","1,082.52","1,067.37",1.30B,-0.50%
176,"May 15, 2019","1,078.60","1,088.71","1,091.29","1,078.60",1.14B,-0.74%
177,"May 14, 2019","1,086.59","1,084.42","1,090.67","1,083.06",1.46B,-0.34%
178,"May 13, 2019","1,090.33","1,095.02","1,097.70","1,085.68",1.12B,-0.46%
179,"May 10, 2019","1,095.38","1,099.23","1,100.90","1,088.38",1.00B,0.22%
180,"May 09, 2019","1,092.97","1,098.06","1,103.02","1,092.17",1.01B,-0.52%
181,"May 08, 2019","1,098.65","1,103.34","1,104.89","1,096.63",1.55B,-0.92%
182,"May 07, 2019","1,108.83","1,109.09","1,113.37","1,105.92",1.18B,-0.66%
183,"May 03, 2019","1,116.18","1,113.68","1,118.65","1,113.14",892.94M,-0.01%
184,"May 02, 2019","1,116.30","1,115.35","1,119.20","1,114.16",845.38M,0.35%
185,"Apr 30, 2019","1,112.39","1,107.22","1,114.83","1,106.88",935.99M,0.52%
186,"Apr 29, 2019","1,106.62","1,106.03","1,108.96","1,103.42",1.05B,-0.11%
187,"Apr 26, 2019","1,107.88","1,112.74","1,113.63","1,104.35",853.18M,-0.45%
188,"Apr 25, 2019","1,112.93","1,113.17","1,116.96","1,110.86",630.77M,-0.07%
189,"Apr 24, 2019","1,113.76","1,114.28","1,116.50","1,109.29",925.83M,0.22%
190,"Apr 23, 2019","1,111.33","1,113.99","1,117.15","1,110.61",872.31M,-0.15%
191,"Apr 22, 2019","1,113.03","1,115.90","1,121.14","1,113.03",985.84M,-0.01%
192,"Apr 19, 2019","1,113.14","1,113.56","1,117.38","1,110.82",727.34M,-0.08%
193,"Apr 18, 2019","1,114.04","1,113.60","1,116.32","1,108.10",1.09B,0.14%
194,"Apr 17, 2019","1,112.52","1,108.99","1,116.23","1,107.05",1.08B,0.64%
195,"Apr 12, 2019","1,105.42","1,104.12","1,107.26","1,100.85",929.84M,-0.01%
196,"Apr 11, 2019","1,105.48","1,107.78","1,108.78","1,103.44",1.20B,-0.30%
197,"Apr 10, 2019","1,108.81","1,106.61","1,111.38","1,105.40",1.14B,0.31%
198,"Apr 09, 2019","1,105.37","1,099.88","1,107.62","1,097.82",859.00M,0.84%
199,"Apr 05, 2019","1,096.13","1,095.86","1,099.59","1,093.14",694.00M,0.13%
200,"Apr 04, 2019","1,094.76","1,098.39","1,099.27","1,090.64",787.68M,-0.34%
201,"Apr 03, 2019","1,098.51","1,101.29","1,102.19","1,095.17",1.06B,-0.16%
202,"Apr 02, 2019","1,100.22","1,099.87","1,103.24","1,096.85",824.96M,0.47%
203,"Apr 01, 2019","1,095.08","1,095.81","1,100.65","1,094.29",1.07B,0.38%
204,"Mar 29, 2019","1,090.94","1,092.50","1,095.49","1,087.75",731.05M,0.24%
205,"Mar 28, 2019","1,088.36","1,082.11","1,091.44","1,081.27",899.80M,0.27%
206,"Mar 27, 2019","1,085.46","1,087.86","1,089.86","1,080.41",739.85M,-0.28%
207,"Mar 26, 2019","1,088.47","1,083.40","1,090.34","1,080.50",882.93M,0.50%
208,"Mar 25, 2019","1,083.05","1,087.35","1,091.73","1,076.70",1.01B,-1.44%
209,"Mar 22, 2019","1,098.85","1,089.77","1,099.31","1,087.54",1.02B,1.05%
210,"Mar 21, 2019","1,087.41","1,085.73","1,092.41","1,085.30",954.44M,0.50%
211,"Mar 20, 2019","1,081.97","1,085.18","1,088.68","1,081.30",844.33M,-0.21%
212,"Mar 19, 2019","1,084.30","1,074.91","1,086.93","1,074.15",721.88M,0.90%
213,"Mar 18, 2019","1,074.63","1,082.45","1,083.96","1,070.63",920.41M,-0.50%
214,"Mar 15, 2019","1,080.01","1,087.68","1,089.48","1,079.72",1.00B,-0.65%
215,"Mar 14, 2019","1,087.12","1,091.11","1,092.14","1,085.83",856.37M,-0.18%
216,"Mar 13, 2019","1,089.10","1,078.20","1,089.10","1,075.67",1.03B,0.89%
217,"Mar 12, 2019","1,079.46","1,082.75","1,084.82","1,077.43",1.26B,0.01%
218,"Mar 11, 2019","1,079.36","1,084.82","1,087.29","1,077.99",591.35M,-0.25%
219,"Mar 08, 2019","1,082.08","1,083.28","1,087.94","1,078.39",749.21M,-0.23%
220,"Mar 07, 2019","1,084.58","1,078.38","1,087.60","1,077.19",841.04M,0.55%
221,"Mar 06, 2019","1,078.65","1,086.95","1,089.21","1,076.99",1.04B,-0.98%
222,"Mar 05, 2019","1,089.38","1,086.09","1,092.10","1,082.70",912.21M,0.20%
223,"Mar 04, 2019","1,087.22","1,091.54","1,094.28","1,085.21",1.08B,-0.42%
224,"Mar 01, 2019","1,091.76","1,100.90","1,102.15","1,090.77",1.58B,-0.69%
225,"Feb 28, 2019","1,099.30","1,110.42","1,110.87","1,099.21",1.23B,-0.95%
226,"Feb 27, 2019","1,109.88","1,108.48","1,112.52","1,105.61",1.54B,0.13%
227,"Feb 26, 2019","1,108.46","1,109.60","1,114.26","1,106.71",1.01B,-0.56%
228,"Feb 25, 2019","1,114.72","1,110.52","1,117.58","1,110.20",1.26B,0.80%
229,"Feb 22, 2019","1,105.88","1,094.71","1,108.23","1,094.28",944.83M,0.83%
230,"Feb 21, 2019","1,096.79","1,096.44","1,100.63","1,092.50",833.57M,0.08%
231,"Feb 20, 2019","1,095.88","1,091.06","1,097.31","1,087.61",1.05B,0.63%
232,"Feb 18, 2019","1,088.97","1,095.20","1,097.16","1,088.34",698.35M,-0.04%
233,"Feb 15, 2019","1,089.39","1,098.70","1,099.89","1,086.88",1.25B,-1.00%
234,"Feb 14, 2019","1,100.41","1,104.54","1,105.64","1,098.24",1.26B,-0.24%
235,"Feb 13, 2019","1,103.01","1,098.67","1,104.44","1,095.46",964.37M,0.90%
236,"Feb 12, 2019","1,093.16","1,091.11","1,096.89","1,089.33",726.71M,0.12%
237,"Feb 11, 2019","1,091.82","1,095.63","1,098.66","1,088.21",873.65M,-0.88%
238,"Feb 08, 2019","1,101.55","1,098.67","1,106.75","1,091.30",1.57B,-0.07%
239,"Feb 07, 2019","1,102.30","1,106.68","1,112.13","1,099.56",976.98M,-0.31%
240,"Feb 06, 2019","1,105.74","1,103.64","1,109.68","1,101.59",846.40M,0.28%
241,"Feb 05, 2019","1,102.66","1,101.53","1,103.98","1,096.90",683.93M,0.01%
242,"Feb 04, 2019","1,102.57","1,104.63","1,107.39","1,101.29",639.23M,0.03%
243,"Feb 01, 2019","1,102.22","1,098.26","1,106.06","1,095.78",960.43M,0.52%
244,"Jan 31, 2019","1,096.50","1,096.80","1,102.66","1,095.96",1.32B,0.50%
245,"Jan 30, 2019","1,091.05","1,088.06","1,091.52","1,083.07",1.06B,0.44%
246,"Jan 29, 2019","1,086.30","1,084.56","1,086.61","1,079.53",1.30B,-0.01%
247,"Jan 28, 2019","1,086.46","1,088.97","1,093.38","1,083.69",1.14B,0.03%
248,"Jan 25, 2019","1,086.11","1,087.29","1,090.33","1,080.71",1.42B,0.20%
249,"Jan 24, 2019","1,083.97","1,083.45","1,090.12","1,079.47",1.33B,0.13%
250,"Jan 23, 2019","1,082.61","1,073.14","1,086.22","1,071.94",1.58B,0.83%
251,"Jan 22, 2019","1,073.73","1,063.51","1,073.73","1,061.95",1.15B,0.86%
252,"Jan 21, 2019","1,064.57","1,062.75","1,069.92","1,061.78",1.03B,0.34%
253,"Jan 18, 2019","1,060.95","1,061.31","1,063.91","1,055.68",1.04B,0.29%
254,"Jan 17, 2019","1,057.92","1,056.48","1,062.89","1,055.21",1.23B,0.19%
255,"Jan 16, 2019","1,055.89","1,057.36","1,060.81","1,046.53",1.61B,0.18%
256,"Jan 15, 2019","1,054.01","1,061.84","1,064.69","1,051.25",887.58M,-0.40%
257,"Jan 14, 2019","1,058.27","1,065.25","1,066.63","1,055.72",1.08B,-1.04%
258,"Jan 11, 2019","1,069.42","1,065.76","1,069.69","1,061.51",1.19B,0.59%
259,"Jan 10, 2019","1,063.19","1,064.02","1,071.57","1,055.49",1.18B,-0.15%
260,"Jan 09, 2019","1,064.82","1,075.28","1,079.45","1,061.87",1.14B,-0.22%
261,"Jan 08, 2019","1,067.20","1,067.45","1,070.39","1,062.44",797.26M,0.02%
262,"Jan 07, 2019","1,066.99","1,061.63","1,071.14","1,059.24",1.11B,1.20%
263,"Jan 04, 2019","1,054.29","1,041.26","1,055.23","1,034.66",1.19B,1.23%
264,"Jan 03, 2019","1,041.49","1,051.31","1,055.91","1,038.39",915.78M,-0.50%
265,"Jan 02, 2019","1,046.71","1,048.13","1,054.00","1,044.96",790.07M,0.17%
266,"Dec 28, 2018","1,044.92","1,035.67","1,045.73","1,034.58",854.13M,1.07%
267,"Dec 27, 2018","1,033.81","1,061.32","1,063.67","1,031.45",1.22B,-0.66%
268,"Dec 26, 2018","1,040.71","1,040.17","1,044.26","1,034.62",819.01M,0.06%
269,"Dec 25, 2018","1,040.06","1,052.17","1,052.51","1,038.19",771.75M,-2.27%
270,"Dec 24, 2018","1,064.26","1,061.48","1,071.49","1,060.55",664.08M,-0.26%
271,"Dec 21, 2018","1,067.01","1,061.00","1,072.02","1,058.47",1.26B,0.07%
272,"Dec 20, 2018","1,066.22","1,063.33","1,067.24","1,056.07",850.40M,-0.21%
273,"Dec 19, 2018","1,068.47","1,055.13","1,069.24","1,050.87",1.05B,1.20%
274,"Dec 18, 2018","1,055.76","1,063.25","1,064.58","1,053.34",788.22M,-1.19%
275,"Dec 17, 2018","1,068.52","1,074.95","1,077.35","1,062.04",880.63M,-0.29%
276,"Dec 14, 2018","1,071.65","1,072.81","1,078.90","1,065.89",813.06M,-0.24%
277,"Dec 13, 2018","1,074.20","1,092.27","1,094.89","1,072.54",1.04B,-1.38%
278,"Dec 12, 2018","1,089.20","1,094.40","1,096.38","1,087.31",748.84M,0.22%
279,"Dec 11, 2018","1,086.83","1,097.24","1,098.18","1,086.31",981.03M,-1.16%
280,"Dec 07, 2018","1,099.57","1,105.85","1,107.91","1,098.01",735.01M,-0.39%
281,"Dec 06, 2018","1,103.85","1,102.95","1,107.87","1,100.21",843.46M,-1.32%
282,"Dec 04, 2018","1,118.59","1,119.10","1,122.34","1,114.91",1.13B,0.07%
283,"Dec 03, 2018","1,117.86","1,108.31","1,120.70","1,106.31",1.32B,2.41%
284,"Nov 30, 2018","1,091.55","1,091.47","1,097.81","1,085.36",1.01B,0.34%
285,"Nov 29, 2018","1,087.85","1,095.18","1,098.90","1,086.38",724.47M,-0.25%
286,"Nov 28, 2018","1,090.57","1,088.35","1,094.17","1,087.37",742.58M,0.37%
287,"Nov 27, 2018","1,086.51","1,083.63","1,088.92","1,081.36",681.67M,0.17%
288,"Nov 26, 2018","1,084.72","1,077.64","1,086.33","1,073.48",694.91M,0.63%
289,"Nov 23, 2018","1,077.93","1,067.38","1,079.60","1,061.59",766.39M,1.17%
290,"Nov 22, 2018","1,065.48","1,073.45","1,077.65","1,064.38",867.67M,-0.83%
291,"Nov 21, 2018","1,074.39","1,065.46","1,079.50","1,062.21",959.73M,0.24%
292,"Nov 20, 2018","1,071.83","1,083.81","1,084.09","1,069.75",780.92M,-1.41%
293,"Nov 19, 2018","1,087.15","1,084.17","1,089.91","1,081.45",550.04M,0.24%
294,"Nov 16, 2018","1,084.54","1,087.21","1,092.80","1,082.60",750.40M,-0.16%
295,"Nov 15, 2018","1,086.32","1,097.56","1,098.60","1,085.00",792.69M,-0.71%
296,"Nov 14, 2018","1,094.08","1,094.56","1,099.70","1,088.56",807.17M,-0.50%
297,"Nov 13, 2018","1,099.57","1,088.27","1,104.03","1,086.66",936.11M,0.44%
298,"Nov 12, 2018","1,094.78","1,106.38","1,106.97","1,094.46",545.14M,-0.72%
299,"Nov 09, 2018","1,102.77","1,107.29","1,108.91","1,099.34",572.01M,-0.88%
300,"Nov 08, 2018","1,112.57","1,115.88","1,118.18","1,111.69",961.50M,0.40%
301,"Nov 07, 2018","1,108.12","1,105.46","1,108.12","1,091.91",983.29M,0.57%
302,"Nov 06, 2018","1,101.89","1,107.50","1,113.19","1,101.79",859.27M,-0.02%
303,"Nov 05, 2018","1,102.09","1,099.96","1,103.50","1,097.92",785.46M,-0.69%
304,"Nov 02, 2018","1,109.70","1,104.61","1,114.36","1,101.74",1.22B,0.92%
305,"Nov 01, 2018","1,099.63","1,104.04","1,105.41","1,093.79",1.18B,-0.26%
306,"Oct 31, 2018","1,102.49","1,087.42","1,102.65","1,085.63",994.00M,2.26%
307,"Oct 30, 2018","1,078.15","1,078.67","1,084.03","1,074.89",626.01M,0.07%
308,"Oct 29, 2018","1,077.41","1,073.71","1,084.31","1,072.17",724.38M,0.67%
309,"Oct 26, 2018","1,070.25","1,078.00","1,079.59","1,067.50",778.50M,-1.22%
310,"Oct 25, 2018","1,083.50","1,055.03","1,085.99","1,048.41",1.63B,1.53%
311,"Oct 24, 2018","1,067.15","1,079.90","1,085.50","1,064.51",1.31B,-2.38%
312,"Oct 22, 2018","1,093.15","1,098.45","1,102.09","1,088.66",768.60M,-0.28%
313,"Oct 19, 2018","1,096.19","1,104.06","1,105.52","1,094.13",1.11B,-0.88%
314,"Oct 18, 2018","1,105.93","1,111.43","1,113.87","1,104.14",945.69M,-0.72%
315,"Oct 17, 2018","1,113.98","1,123.35","1,125.15","1,113.98",1.41B,-0.11%
316,"Oct 16, 2018","1,115.21","1,114.96","1,118.47","1,108.29",723.83M,0.05%
317,"Oct 12, 2018","1,114.62","1,111.56","1,117.60","1,109.04",791.29M,0.81%
318,"Oct 11, 2018","1,105.61","1,103.11","1,110.43","1,099.01",1.72B,-2.57%
319,"Oct 10, 2018","1,134.73","1,125.64","1,134.73","1,124.23",920.43M,1.63%
320,"Oct 09, 2018","1,116.48","1,117.32","1,124.44","1,110.95",1.08B,0.13%
321,"Oct 08, 2018","1,115.02","1,130.70","1,137.01","1,115.02",1.41B,-1.42%
322,"Oct 05, 2018","1,131.13","1,135.22","1,140.11","1,129.85",885.42M,-0.61%
323,"Oct 04, 2018","1,138.05","1,143.00","1,146.75","1,132.09",1.55B,-0.85%
324,"Oct 03, 2018","1,147.75","1,154.87","1,157.21","1,147.27",1.34B,-0.28%
325,"Oct 02, 2018","1,150.93","1,158.74","1,162.26","1,149.16",1.20B,-0.89%
326,"Oct 01, 2018","1,161.24","1,163.05","1,164.92","1,159.23",1.05B,0.21%
327,"Sep 28, 2018","1,158.75","1,161.48","1,162.14","1,154.35",1.05B,0.02%
328,"Sep 27, 2018","1,158.54","1,157.19","1,158.54","1,142.80",1.70B,0.25%
329,"Sep 26, 2018","1,155.61","1,159.06","1,161.30","1,152.50",1.15B,-0.05%
330,"Sep 25, 2018","1,156.18","1,158.00","1,160.37","1,152.87",865.90M,0.14%
331,"Sep 24, 2018","1,154.60","1,154.66","1,162.04","1,153.73",1.10B,-0.43%
332,"Sep 21, 2018","1,159.54","1,162.05","1,166.78","1,156.80",1.83B,0.19%
333,"Sep 20, 2018","1,157.31","1,161.64","1,166.12","1,155.87",1.64B,0.17%
334,"Sep 19, 2018","1,155.35","1,155.11","1,165.88","1,153.00",4.01B,0.33%
335,"Sep 18, 2018","1,151.59","1,131.03","1,155.43","1,129.98",2.09B,1.74%
336,"Sep 17, 2018","1,131.92","1,132.31","1,137.40","1,126.31",1.01B,-0.36%
337,"Sep 14, 2018","1,135.98","1,138.42","1,141.17","1,132.12",1.28B,0.22%
338,"Sep 13, 2018","1,133.44","1,111.61","1,138.13","1,111.42",1.72B,2.85%
339,"Sep 12, 2018","1,102.07","1,095.82","1,103.71","1,090.92",1.11B,0.50%
340,"Sep 11, 2018","1,096.63","1,112.48","1,115.91","1,096.63",1.06B,-1.51%
341,"Sep 10, 2018","1,113.47","1,110.12","1,114.39","1,105.08",772.47M,0.09%
342,"Sep 07, 2018","1,112.49","1,111.20","1,117.26","1,108.16",957.79M,-0.37%
343,"Sep 06, 2018","1,116.61","1,110.48","1,116.75","1,104.03",1.91B,0.48%
344,"Sep 05, 2018","1,111.30","1,126.34","1,129.10","1,110.87",1.51B,-1.76%
345,"Sep 04, 2018","1,131.26","1,138.28","1,140.22","1,130.75",1.05B,-0.56%
346,"Sep 03, 2018","1,137.68","1,138.38","1,142.34","1,136.10",906.97M,-0.10%
347,"Aug 31, 2018","1,138.80","1,132.84","1,139.54","1,131.43",1.17B,0.06%
348,"Aug 30, 2018","1,138.12","1,144.90","1,147.31","1,138.12",1.05B,-0.37%
349,"Aug 29, 2018","1,142.30","1,141.67","1,143.11","1,136.38",895.46M,0.26%
350,"Aug 28, 2018","1,139.30","1,143.11","1,146.83","1,137.79",1.22B,0.13%
351,"Aug 27, 2018","1,137.79","1,132.83","1,138.57","1,131.75",1.34B,0.87%
352,"Aug 24, 2018","1,128.03","1,126.29","1,129.19","1,122.84",760.74M,-0.15%
353,"Aug 23, 2018","1,129.73","1,131.13","1,134.03","1,126.53",951.85M,0.48%
354,"Aug 22, 2018","1,124.34","1,122.40","1,131.04","1,121.55",1.05B,0.33%
355,"Aug 21, 2018","1,120.66","1,127.36","1,131.78","1,116.15",1.37B,-0.44%
356,"Aug 20, 2018","1,125.61","1,123.56","1,129.69","1,120.44",2.33B,0.82%
357,"Aug 17, 2018","1,116.46","1,116.23","1,121.17","1,115.30",1.38B,0.50%
358,"Aug 16, 2018","1,110.87","1,106.00","1,112.28","1,098.99",1.51B,0.28%
359,"Aug 15, 2018","1,107.78","1,116.03","1,117.64","1,105.80",1.76B,-1.30%
360,"Aug 14, 2018","1,122.32","1,119.14","1,123.48","1,113.42",1.37B,-0.56%
361,"Aug 10, 2018","1,128.62","1,137.70","1,138.71","1,128.09",1.18B,-1.14%
362,"Aug 09, 2018","1,141.63","1,142.39","1,147.45","1,137.46",956.06M,-0.01%
363,"Aug 08, 2018","1,141.69","1,132.27","1,143.99","1,130.82",1.43B,0.92%
364,"Aug 07, 2018","1,131.25","1,126.42","1,134.54","1,119.29",1.12B,0.74%
365,"Aug 06, 2018","1,122.94","1,138.23","1,140.76","1,121.11",1.44B,-0.96%
366,"Aug 03, 2018","1,133.78","1,131.77","1,137.32","1,129.92",994.02M,0.12%
367,"Aug 02, 2018","1,132.47","1,138.35","1,140.17","1,125.52",1.19B,-0.96%
368,"Aug 01, 2018","1,143.46","1,129.93","1,144.14","1,127.60",1.61B,1.41%
369,"Jul 31, 2018","1,127.56","1,127.71","1,132.39","1,121.62",1.67B,0.12%
370,"Jul 26, 2018","1,126.25","1,126.22","1,127.83","1,116.47",1.56B,0.76%
371,"Jul 25, 2018","1,117.74","1,108.65","1,122.56","1,108.46",1.93B,1.07%
372,"Jul 24, 2018","1,105.93","1,114.04","1,116.02","1,101.40",2.11B,-0.14%
373,"Jul 23, 2018","1,107.43","1,103.46","1,112.38","1,098.25",2.03B,0.37%
374,"Jul 20, 2018","1,103.32","1,088.29","1,106.20","1,085.53",2.72B,1.70%
375,"Jul 19, 2018","1,084.85","1,081.07","1,087.98","1,077.24",1.19B,0.71%
376,"Jul 18, 2018","1,077.22","1,073.82","1,078.83","1,071.59",1.35B,0.85%
377,"Jul 17, 2018","1,068.09","1,066.12","1,072.15","1,060.52",1.31B,-0.09%
378,"Jul 16, 2018","1,069.04","1,075.03","1,077.25","1,065.12",959.21M,-1.02%
379,"Jul 13, 2018","1,080.05","1,082.95","1,085.97","1,077.31",1.18B,0.02%
380,"Jul 12, 2018","1,079.87","1,076.52","1,085.26","1,075.62",1.21B,0.10%
381,"Jul 11, 2018","1,078.82","1,075.83","1,083.06","1,073.24",1.01B,-0.60%
382,"Jul 10, 2018","1,085.36","1,074.74","1,085.52","1,064.19",1.50B,1.45%
383,"Jul 09, 2018","1,069.83","1,072.62","1,075.12","1,068.05",1.38B,0.58%
384,"Jul 06, 2018","1,063.71","1,052.82","1,067.59","1,043.87",2.65B,0.84%
385,"Jul 05, 2018","1,054.84","1,071.10","1,072.89","1,051.51",2.68B,-1.71%
386,"Jul 04, 2018","1,073.20","1,068.75","1,076.41","1,062.92",2.21B,0.32%
387,"Jul 03, 2018","1,069.77","1,056.91","1,071.32","1,052.26",1.40B,1.10%
388,"Jul 02, 2018","1,058.12","1,053.26","1,058.16","1,043.67",1.26B,0.62%
389,"Jun 29, 2018","1,051.63","1,054.99","1,059.81","1,043.32",1.90B,0.10%
390,"Jun 28, 2018","1,050.60","1,064.31","1,066.65","1,050.50",1.83B,-0.94%
391,"Jun 27, 2018","1,060.58","1,071.28","1,076.15","1,057.06",1.24B,-0.43%
392,"Jun 26, 2018","1,065.20","1,057.10","1,069.64","1,052.04",1.29B,0.33%
393,"Jun 25, 2018","1,061.68","1,076.07","1,080.45","1,060.45",1.07B,-0.89%
394,"Jun 22, 2018","1,071.18","1,075.98","1,081.65","1,065.54",1.28B,0.23%
395,"Jun 21, 2018","1,068.68","1,090.03","1,091.31","1,064.13",1.53B,-2.01%
396,"Jun 20, 2018","1,090.62","1,078.94","1,093.20","1,072.62",1.53B,1.74%
397,"Jun 19, 2018","1,071.96","1,090.34","1,096.99","1,067.58",2.32B,-2.57%
398,"Jun 18, 2018","1,100.25","1,108.53","1,110.29","1,100.15",1.17B,-1.57%
399,"Jun 15, 2018","1,117.85","1,118.75","1,123.31","1,109.92",1.51B,-0.34%
400,"Jun 14, 2018","1,121.70","1,125.19","1,126.28","1,113.93",1.31B,-0.61%
401,"Jun 13, 2018","1,128.55","1,134.21","1,136.24","1,126.58",1.16B,-0.58%
402,"Jun 12, 2018","1,135.11","1,133.80","1,142.11","1,132.71",1.23B,0.29%
403,"Jun 11, 2018","1,131.83","1,132.23","1,135.66","1,125.64",786.53M,0.08%
404,"Jun 08, 2018","1,130.91","1,143.70","1,143.87","1,130.76",1.05B,-0.89%
405,"Jun 07, 2018","1,141.12","1,149.52","1,152.40","1,141.12",1.25B,-0.42%
406,"Jun 06, 2018","1,145.95","1,145.24","1,150.87","1,140.96",1.52B,0.40%
407,"Jun 05, 2018","1,141.39","1,132.72","1,143.14","1,124.83",2.15B,0.85%
408,"Jun 04, 2018","1,131.82","1,128.60","1,135.22","1,126.03",1.13B,0.19%
409,"Jun 01, 2018","1,129.66","1,134.55","1,137.54","1,125.68",1.28B,-0.45%
410,"May 31, 2018","1,134.76","1,137.35","1,142.40","1,131.22",2.45B,0.15%
411,"May 30, 2018","1,133.06","1,126.45","1,134.81","1,122.97",1.85B,-0.67%
412,"May 28, 2018","1,140.74","1,142.83","1,144.45","1,137.24",1.33B,-0.59%
413,"May 25, 2018","1,147.49","1,142.62","1,147.50","1,134.68",1.40B,0.66%
414,"May 24, 2018","1,139.91","1,150.83","1,154.32","1,138.04",1.58B,-1.41%
415,"May 23, 2018","1,156.18","1,160.03","1,162.95","1,152.06",1.48B,-0.76%
416,"May 22, 2018","1,165.04","1,171.52","1,173.15","1,160.46",1.32B,-0.51%
417,"May 21, 2018","1,171.03","1,166.79","1,173.65","1,164.67",1.28B,0.84%
418,"May 18, 2018","1,161.26","1,159.14","1,164.06","1,154.24",1.63B,0.21%
419,"May 17, 2018","1,158.80","1,158.06","1,164.17","1,153.25",2.08B,0.19%
420,"May 16, 2018","1,156.63","1,161.43","1,164.55","1,154.17",1.63B,-1.02%
421,"May 15, 2018","1,168.56","1,172.79","1,174.17","1,162.58",1.63B,-0.34%
422,"May 14, 2018","1,172.57","1,171.31","1,174.60","1,168.78",1.45B,0.36%
423,"May 11, 2018","1,168.31","1,155.09","1,168.31","1,151.94",1.36B,1.28%
424,"May 10, 2018","1,153.50","1,163.51","1,164.44","1,151.19",1.34B,-0.49%
425,"May 09, 2018","1,159.19","1,162.18","1,164.17","1,154.82",1.77B,-0.20%
426,"May 08, 2018","1,161.46","1,177.05","1,178.09","1,157.97",1.83B,-1.28%
427,"May 07, 2018","1,176.49","1,180.38","1,183.88","1,172.78",1.32B,0.07%
428,"May 04, 2018","1,175.71","1,182.33","1,185.94","1,174.11",1.66B,-0.75%
429,"May 03, 2018","1,184.62","1,182.77","1,191.14","1,182.25",1.33B,-0.14%
430,"May 02, 2018","1,186.26","1,174.72","1,186.26","1,170.47",1.28B,0.79%
431,"Apr 30, 2018","1,177.02","1,179.90","1,181.22","1,174.86",988.43M,-0.05%
432,"Apr 27, 2018","1,177.59","1,175.37","1,177.59","1,167.44",1.29B,0.49%
433,"Apr 26, 2018","1,171.85","1,176.92","1,181.37","1,168.90",1.12B,-0.40%
434,"Apr 25, 2018","1,176.61","1,177.38","1,182.74","1,170.91",1.55B,-0.57%
435,"Apr 24, 2018","1,183.41","1,190.19","1,196.94","1,180.11",1.59B,-0.16%
436,"Apr 23, 2018","1,185.35","1,194.25","1,198.11","1,184.94",1.14B,-0.80%
437,"Apr 20, 2018","1,194.87","1,190.12","1,198.48","1,183.67",1.90B,0.52%
438,"Apr 19, 2018","1,188.65","1,174.94","1,188.87","1,173.69",1.66B,1.58%
439,"Apr 18, 2018","1,170.16","1,161.69","1,170.33","1,160.65",1.34B,1.11%
440,"Apr 17, 2018","1,157.32","1,166.08","1,167.83","1,155.26",1.10B,-0.78%
441,"Apr 12, 2018","1,166.38","1,165.43","1,169.78","1,159.85",874.48M,0.20%
442,"Apr 11, 2018","1,164.07","1,166.69","1,170.40","1,159.51",1.13B,-0.05%
443,"Apr 10, 2018","1,164.71","1,163.28","1,166.33","1,153.66",1.28B,0.49%
444,"Apr 09, 2018","1,159.00","1,146.71","1,160.26","1,144.88",1.30B,1.03%
445,"Apr 05, 2018","1,147.21","1,144.85","1,149.65","1,136.17",1.38B,0.92%
446,"Apr 04, 2018","1,136.72","1,166.24","1,170.25","1,136.63",2.84B,-2.44%
447,"Apr 03, 2018","1,165.17","1,168.17","1,174.10","1,163.11",1.64B,-0.86%
448,"Apr 02, 2018","1,175.24","1,170.17","1,176.41","1,168.00",1.06B,0.29%
449,"Mar 30, 2018","1,171.79","1,169.93","1,173.48","1,155.88",1.74B,0.66%
450,"Mar 29, 2018","1,164.10","1,176.58","1,180.63","1,156.01",2.67B,-1.17%
451,"Mar 28, 2018","1,177.92","1,186.23","1,190.44","1,175.21",1.17B,-0.86%
452,"Mar 27, 2018","1,188.10","1,192.26","1,193.82","1,186.21",1.35B,0.02%
453,"Mar 26, 2018","1,187.86","1,183.30","1,188.12","1,179.77",659.28M,0.51%
454,"Mar 23, 2018","1,181.86","1,169.67","1,181.86","1,168.81",980.33M,-0.03%
455,"Mar 22, 2018","1,182.23","1,189.31","1,193.40","1,180.58",942.12M,-0.07%
456,"Mar 21, 2018","1,183.00","1,189.53","1,191.09","1,180.94",1.28B,-0.07%
457,"Mar 20, 2018","1,183.87","1,180.51","1,187.89","1,179.17",1.16B,-0.06%
458,"Mar 19, 2018","1,184.63","1,192.99","1,193.37","1,183.14",1.20B,-0.66%
459,"Mar 16, 2018","1,192.49","1,191.60","1,197.15","1,188.92",1.47B,-0.23%
460,"Mar 15, 2018","1,195.26","1,196.52","1,200.41","1,191.51",2.05B,-0.01%
461,"Mar 14, 2018","1,195.41","1,192.35","1,199.66","1,190.48",2.02B,-0.04%
462,"Mar 13, 2018","1,195.91","1,187.79","1,196.00","1,184.30",1.99B,0.44%
463,"Mar 12, 2018","1,190.66","1,183.58","1,190.66","1,178.45",1.66B,1.58%
464,"Mar 09, 2018","1,172.17","1,175.16","1,176.50","1,162.09",1.30B,0.21%
465,"Mar 08, 2018","1,169.75","1,173.54","1,182.05","1,164.22",1.42B,-0.02%
466,"Mar 07, 2018","1,170.00","1,180.04","1,181.08","1,168.85",1.52B,-1.04%
467,"Mar 06, 2018","1,182.24","1,190.99","1,196.52","1,179.96",1.77B,-0.61%
468,"Mar 05, 2018","1,189.54","1,192.54","1,195.81","1,176.61",1.18B,-0.30%
469,"Mar 02, 2018","1,193.17","1,197.88","1,201.62","1,188.45",1.40B,-1.03%
470,"Feb 28, 2018","1,205.57","1,204.59","1,214.22","1,201.77",1.43B,-0.03%
471,"Feb 27, 2018","1,205.90","1,212.54","1,223.67","1,205.80",2.09B,-0.03%
472,"Feb 26, 2018","1,206.31","1,185.73","1,206.38","1,183.57",1.35B,1.93%
473,"Feb 23, 2018","1,183.47","1,175.55","1,184.93","1,171.66",1.09B,1.03%
474,"Feb 22, 2018","1,171.45","1,174.35","1,181.76","1,170.21",1.54B,-0.20%
475,"Feb 21, 2018","1,173.75","1,178.10","1,180.27","1,170.06",3.04B,0.40%
476,"Feb 20, 2018","1,169.10","1,176.10","1,178.52","1,168.80",882.91M,-0.50%
477,"Feb 19, 2018","1,174.97","1,176.50","1,181.30","1,174.15",954.31M,0.27%
478,"Feb 16, 2018","1,171.83","1,171.85","1,174.72","1,169.23",644.34M,0.24%
479,"Feb 15, 2018","1,168.97","1,166.48","1,170.00","1,161.26",711.90M,0.77%
480,"Feb 14, 2018","1,160.09","1,169.04","1,169.87","1,159.98",1.02B,-0.42%
481,"Feb 13, 2018","1,164.95","1,167.60","1,168.59","1,162.24",1.22B,0.10%
482,"Feb 12, 2018","1,163.81","1,156.89","1,164.11","1,153.98",953.43M,0.79%
483,"Feb 09, 2018","1,154.71","1,143.32","1,157.25","1,142.57",1.36B,-0.19%
484,"Feb 08, 2018","1,156.96","1,159.55","1,165.05","1,154.11",1.21B,-0.18%
485,"Feb 07, 2018","1,159.01","1,170.19","1,172.46","1,156.18",1.63B,-0.23%
486,"Feb 06, 2018","1,161.67","1,151.47","1,164.18","1,140.37",3.03B,-1.17%
487,"Feb 05, 2018","1,175.46","1,168.66","1,179.18","1,167.74",2.70B,-1.07%
488,"Feb 02, 2018","1,188.12","1,195.82","1,198.35","1,184.14",1.53B,-0.31%
489,"Feb 01, 2018","1,191.83","1,191.58","1,194.61","1,188.21",1.31B,0.48%
490,"Jan 31, 2018","1,186.16","1,181.83","1,192.44","1,180.36",1.38B,-0.00%
491,"Jan 30, 2018","1,186.17","1,192.89","1,193.78","1,182.60",1.51B,-0.78%
492,"Jan 29, 2018","1,195.46","1,194.95","1,197.76","1,190.74",1.23B,0.51%
493,"Jan 26, 2018","1,189.45","1,182.41","1,189.85","1,173.81",2.01B,0.67%
494,"Jan 25, 2018","1,181.56","1,198.88","1,202.06","1,181.56",2.09B,-1.17%
495,"Jan 24, 2018","1,195.60","1,191.27","1,197.75","1,189.01",1.45B,0.24%
496,"Jan 23, 2018","1,192.74","1,190.69","1,195.60","1,186.67",1.83B,0.59%
497,"Jan 22, 2018","1,185.78","1,182.14","1,189.08","1,178.78",1.17B,0.18%
498,"Jan 19, 2018","1,183.60","1,178.63","1,183.60","1,170.95",2.00B,0.08%
499,"Jan 18, 2018","1,182.70","1,194.53","1,195.75","1,182.65",1.83B,-0.60%
500,"Jan 17, 2018","1,189.89","1,184.66","1,190.65","1,181.69",1.70B,0.24%
501,"Jan 16, 2018","1,187.02","1,194.16","1,195.19","1,184.83",1.52B,-0.12%
502,"Jan 15, 2018","1,188.44","1,182.69","1,191.78","1,182.16",2.02B,1.07%
503,"Jan 12, 2018","1,175.81","1,176.10","1,181.54","1,174.80",1.56B,0.45%
504,"Jan 11, 2018","1,170.56","1,164.05","1,171.70","1,157.07",1.55B,0.50%
505,"Jan 10, 2018","1,164.68","1,170.56","1,175.28","1,162.75",2.25B,-0.10%
506,"Jan 09, 2018","1,165.86","1,164.60","1,167.95","1,156.48",1.50B,0.18%
507,"Jan 08, 2018","1,163.72","1,168.99","1,179.54","1,163.72",1.56B,-0.30%
508,"Jan 05, 2018","1,167.18","1,169.49","1,173.90","1,163.09",1.83B,-0.01%
509,"Jan 04, 2018","1,167.29","1,162.74","1,167.80","1,156.97",2.11B,0.95%
510,"Jan 03, 2018","1,156.28","1,139.70","1,157.16","1,138.20",2.06B,1.86%
511,"Dec 29, 2017","1,135.14","1,133.14","1,136.54","1,130.55",896.64M,0.52%
512,"Dec 28, 2017","1,129.30","1,139.05","1,140.04","1,123.40",1.35B,-0.67%
513,"Dec 27, 2017","1,136.92","1,139.49","1,145.14","1,135.76",832.13M,0.06%
514,"Dec 26, 2017","1,136.20","1,135.62","1,137.88","1,129.15",758.15M,0.04%
515,"Dec 25, 2017","1,135.70","1,130.90","1,137.99","1,129.61",772.37M,0.64%
516,"Dec 22, 2017","1,128.48","1,126.11","1,130.42","1,123.05",873.42M,0.35%
517,"Dec 21, 2017","1,124.57","1,126.95","1,128.66","1,122.86",751.38M,-0.15%
518,"Dec 20, 2017","1,126.23","1,122.98","1,127.37","1,118.73",1.08B,0.35%
519,"Dec 19, 2017","1,122.30","1,119.87","1,125.79","1,119.20",1.30B,0.40%
520,"Dec 18, 2017","1,117.82","1,115.33","1,120.45","1,112.69",948.64M,0.41%
521,"Dec 15, 2017","1,113.30","1,110.35","1,113.55","1,106.92",1.03B,0.16%
522,"Dec 14, 2017","1,111.49","1,105.79","1,111.55","1,103.71",827.03M,0.66%
523,"Dec 13, 2017","1,104.15","1,102.69","1,106.29","1,100.85",836.79M,0.25%
524,"Dec 12, 2017","1,101.36","1,103.00","1,104.83","1,098.70",739.72M,0.06%
525,"Dec 08, 2017","1,100.68","1,100.24","1,105.04","1,097.44",945.58M,0.24%
526,"Dec 07, 2017","1,098.08","1,090.44","1,098.08","1,087.66",899.59M,0.67%
527,"Dec 06, 2017","1,090.79","1,088.21","1,091.26","1,082.71",904.25M,0.04%
528,"Dec 04, 2017","1,090.40","1,093.58","1,094.79","1,086.33",695.69M,0.11%
529,"Dec 01, 2017","1,089.24","1,091.57","1,092.82","1,085.90",1.11B,0.31%
530,"Nov 30, 2017","1,085.86","1,088.97","1,093.75","1,082.86",1.17B,-0.53%
531,"Nov 29, 2017","1,091.68","1,093.12","1,098.11","1,090.30",1.20B,0.06%
532,"Nov 28, 2017","1,091.06","1,084.40","1,091.06","1,083.93",953.87M,0.60%
533,"Nov 27, 2017","1,084.57","1,081.72","1,085.57","1,078.19",761.68M,0.08%
534,"Nov 24, 2017","1,083.70","1,089.36","1,092.14","1,080.15",1.37B,-0.61%
535,"Nov 23, 2017","1,090.30","1,095.19","1,096.91","1,089.57",1.01B,-0.24%
536,"Nov 22, 2017","1,092.94","1,093.87","1,099.45","1,091.50",896.20M,0.28%
537,"Nov 21, 2017","1,089.93","1,092.91","1,094.59","1,086.96",1.08B,-0.09%
538,"Nov 20, 2017","1,090.86","1,092.98","1,094.73","1,089.87",734.79M,0.15%
539,"Nov 17, 2017","1,089.23","1,084.38","1,091.03","1,080.43",1.06B,1.17%
540,"Nov 16, 2017","1,076.63","1,076.94","1,081.46","1,076.38",1.68B,0.15%
541,"Nov 15, 2017","1,075.03","1,081.88","1,082.88","1,073.46",1.04B,-0.81%
542,"Nov 14, 2017","1,083.79","1,074.56","1,085.88","1,071.21",827.05M,1.08%
543,"Nov 13, 2017","1,072.23","1,070.79","1,075.19","1,066.35",825.33M,-0.07%
544,"Nov 10, 2017","1,072.97","1,081.15","1,082.88","1,072.31",986.66M,-0.79%
545,"Nov 09, 2017","1,081.52","1,091.70","1,092.10","1,080.33",917.62M,-0.69%
546,"Nov 08, 2017","1,089.02","1,089.07","1,092.77","1,085.41",927.12M,0.10%
547,"Nov 07, 2017","1,087.89","1,089.43","1,092.91","1,086.55",907.88M,0.14%
548,"Nov 06, 2017","1,086.33","1,079.68","1,087.00","1,073.89",1.04B,0.73%
549,"Nov 03, 2017","1,078.50","1,083.00","1,083.40","1,076.09",1.11B,-0.09%
550,"Nov 02, 2017","1,079.45","1,089.24","1,090.02","1,079.41",1.20B,-0.89%
551,"Nov 01, 2017","1,089.13","1,099.65","1,100.46","1,088.31",1.25B,-0.51%
552,"Oct 31, 2017","1,094.74","1,095.63","1,099.57","1,092.81",1.06B,0.12%
553,"Oct 30, 2017","1,093.45","1,093.21","1,097.20","1,081.64",1.02B,0.26%
554,"Oct 27, 2017","1,090.66","1,088.22","1,096.06","1,087.91",886.46M,0.41%
555,"Oct 25, 2017","1,086.25","1,087.59","1,089.75","1,083.73",768.03M,0.30%
556,"Oct 24, 2017","1,082.98","1,080.11","1,087.10","1,077.81",788.08M,0.36%
557,"Oct 20, 2017","1,079.07","1,066.12","1,082.21","1,065.27",1.50B,0.44%
558,"Oct 19, 2017","1,074.37","1,091.80","1,094.64","1,072.75",1.48B,-1.66%
559,"Oct 18, 2017","1,092.55","1,103.79","1,103.94","1,091.67",1.18B,-1.10%
560,"Oct 17, 2017","1,104.72","1,105.20","1,107.69","1,100.02",1.63B,-0.07%
561,"Oct 16, 2017","1,105.49","1,100.18","1,107.12","1,099.44",1.27B,1.02%
562,"Oct 12, 2017","1,094.33","1,099.16","1,100.66","1,091.87",1.17B,-0.21%
563,"Oct 11, 2017","1,096.64","1,097.65","1,100.37","1,093.72",1.38B,0.42%
564,"Oct 10, 2017","1,092.02","1,081.33","1,093.50","1,076.70",1.38B,1.13%
565,"Oct 09, 2017","1,079.82","1,082.86","1,084.97","1,079.15",776.38M,-0.17%
566,"Oct 06, 2017","1,081.63","1,082.07","1,085.89","1,079.69",1.31B,0.35%
567,"Oct 05, 2017","1,077.91","1,078.52","1,080.81","1,075.14",1.20B,0.06%
568,"Oct 04, 2017","1,077.26","1,083.73","1,088.20","1,074.65",1.50B,-0.35%
569,"Oct 03, 2017","1,081.07","1,083.51","1,084.35","1,077.81",935.76M,-0.04%
570,"Oct 02, 2017","1,081.51","1,071.88","1,083.11","1,071.65",1.28B,1.18%
571,"Sep 29, 2017","1,068.92","1,065.98","1,072.06","1,063.62",1.05B,0.26%
572,"Sep 28, 2017","1,066.16","1,071.61","1,073.23","1,061.07",1.17B,-0.40%
573,"Sep 27, 2017","1,070.45","1,069.40","1,073.75","1,063.80",1.27B,0.13%
574,"Sep 26, 2017","1,069.07","1,070.36","1,073.28","1,067.41",1.02B,0.16%
575,"Sep 25, 2017","1,067.41","1,062.45","1,068.74","1,059.45",1.04B,0.59%
576,"Sep 22, 2017","1,061.16","1,066.47","1,070.01","1,060.64",1.33B,-0.86%
577,"Sep 21, 2017","1,070.39","1,072.55","1,075.99","1,069.83",834.53M,-0.21%
578,"Sep 20, 2017","1,072.61","1,074.21","1,076.71","1,067.81",1.28B,-0.30%
579,"Sep 19, 2017","1,075.89","1,075.60","1,077.94","1,068.00",1.64B,0.16%
580,"Sep 18, 2017","1,074.16","1,066.64","1,079.83","1,066.17",2.00B,0.93%
581,"Sep 15, 2017","1,064.27","1,062.62","1,065.42","1,058.04",1.42B,0.19%
582,"Sep 14, 2017","1,062.29","1,051.39","1,064.66","1,049.53",1.69B,1.25%
583,"Sep 13, 2017","1,049.16","1,052.59","1,055.76","1,047.62",1.37B,-0.10%
584,"Sep 12, 2017","1,050.24","1,050.12","1,052.90","1,046.95",1.13B,0.28%
585,"Sep 11, 2017","1,047.31","1,046.99","1,051.51","1,044.95",1.17B,0.10%
586,"Sep 08, 2017","1,046.26","1,046.67","1,054.70","1,044.80",1.74B,0.43%
587,"Sep 07, 2017","1,041.78","1,035.33","1,043.04","1,033.59",1.49B,0.76%
588,"Sep 06, 2017","1,033.92","1,033.54","1,034.08","1,029.10",1.31B,0.01%
589,"Sep 05, 2017","1,033.79","1,034.74","1,036.10","1,030.63",1.11B,-0.01%
590,"Sep 04, 2017","1,033.90","1,032.80","1,034.92","1,029.63",870.35M,0.00%
591,"Sep 01, 2017","1,033.85","1,037.25","1,038.85","1,032.48",728.34M,-0.04%
592,"Aug 31, 2017","1,034.29","1,031.96","1,034.38","1,028.29",1.34B,-0.03%
593,"Aug 30, 2017","1,034.65","1,037.19","1,044.36","1,032.32",1.31B,-0.01%
594,"Aug 29, 2017","1,034.76","1,011.65","1,038.13","1,010.40",2.36B,2.39%
595,"Aug 28, 2017","1,010.57","1,006.23","1,013.78","1,004.60",1.19B,0.74%
596,"Aug 25, 2017","1,003.17","1,003.81","1,005.44",999.97,731.33M,-0.04%
597,"Aug 24, 2017","1,003.56","1,003.30","1,005.06","1,000.84",906.79M,0.20%
598,"Aug 23, 2017","1,001.51","1,003.10","1,004.21",998.78,661.89M,-0.03%
599,"Aug 22, 2017","1,001.85","1,000.97","1,003.14",999.13,778.43M,0.26%
600,"Aug 21, 2017",999.27,998.70,"1,001.06",997.36,724.45M,0.26%
601,"Aug 18, 2017",996.70,996.55,998.40,994.05,860.09M,-0.11%
602,"Aug 17, 2017",997.78,999.45,"1,000.25",995.82,1.28B,-0.07%
603,"Aug 16, 2017",998.51,998.13,999.71,995.02,923.59M,-0.07%
604,"Aug 15, 2017",999.16,"1,000.08","1,002.91",997.60,762.35M,0.41%
605,"Aug 11, 2017",995.06,997.47,998.07,991.42,884.07M,-0.53%
606,"Aug 10, 2017","1,000.34","1,000.01","1,001.73",996.20,615.58M,0.09%
607,"Aug 09, 2017",999.47,"1,002.63","1,002.95",997.37,535.94M,-0.29%
608,"Aug 08, 2017","1,002.40","1,000.98","1,004.29",999.16,672.71M,0.26%
609,"Aug 07, 2017",999.79,"1,002.16","1,003.20",998.38,661.67M,-0.24%
610,"Aug 04, 2017","1,002.19","1,004.31","1,005.35","1,001.23",678.83M,-0.05%
611,"Aug 03, 2017","1,002.69","1,004.50","1,006.96","1,002.24",588.86M,-0.22%
612,"Aug 02, 2017","1,004.88","1,005.83","1,006.72","1,002.59",905.85M,0.21%
613,"Aug 01, 2017","1,002.77","1,001.85","1,004.96",999.30,842.53M,-0.12%
614,"Jul 31, 2017","1,003.96","1,007.39","1,007.97",998.29,1.03B,-0.31%
615,"Jul 27, 2017","1,007.08","1,008.35","1,008.75","1,004.22",707.69M,-0.02%
616,"Jul 26, 2017","1,007.28","1,006.47","1,009.21","1,005.18",945.63M,0.17%
617,"Jul 25, 2017","1,005.53","1,002.23","1,006.36","1,000.89",1.22B,0.46%
618,"Jul 24, 2017","1,000.91",998.74,"1,003.12",998.34,782.73M,0.27%
619,"Jul 21, 2017",998.19,999.93,"1,001.36",997.35,1.16B,-0.04%
620,"Jul 20, 2017",998.59,"1,000.52","1,001.81",997.99,831.86M,-0.16%
621,"Jul 19, 2017","1,000.22",998.65,"1,001.33",996.48,613.17M,0.40%
622,"Jul 18, 2017",996.25,997.64,998.38,993.31,975.74M,-0.05%
623,"Jul 17, 2017",996.76,"1,001.81","1,002.79",995.29,674.98M,-0.25%
624,"Jul 14, 2017",999.30,"1,000.55","1,001.46",996.01,682.72M,-0.01%
625,"Jul 13, 2017",999.35,"1,000.35","1,002.66",996.70,1.04B,0.33%
626,"Jul 12, 2017",996.09,995.16,998.97,992.48,1.21B,0.42%
627,"Jul 11, 2017",991.95,993.13,994.60,988.87,924.19M,-0.09%
628,"Jul 07, 2017",992.88,992.02,993.79,989.29,714.95M,-0.08%
629,"Jul 06, 2017",993.69,995.93,996.57,988.89,986.14M,-0.24%
630,"Jul 05, 2017",996.08,996.39,998.84,994.13,692.74M,0.07%
631,"Jul 04, 2017",995.39,"1,001.13","1,002.06",994.02,670.82M,-0.38%
632,"Jul 03, 2017",999.16,996.76,999.89,994.94,662.81M,0.48%
633,"Jun 30, 2017",994.35,995.48,997.67,990.74,959.30M,-0.08%
634,"Jun 29, 2017",995.10,"1,000.46","1,003.26",993.77,1.46B,-0.22%
635,"Jun 28, 2017",997.33,999.26,"1,000.19",995.38,803.63M,-0.23%
636,"Jun 27, 2017",999.60,999.46,"1,001.15",997.04,730.31M,0.22%
637,"Jun 26, 2017",997.44,998.82,"1,000.62",995.63,1.08B,0.12%
638,"Jun 23, 2017",996.26,996.12,998.28,994.93,1.23B,0.13%
639,"Jun 22, 2017",994.96,993.05,997.51,992.47,1.17B,0.23%
640,"Jun 21, 2017",992.70,992.40,993.92,989.73,920.84M,-0.18%
641,"Jun 20, 2017",994.52,997.42,997.81,993.00,715.56M,-0.14%
642,"Jun 19, 2017",995.90,994.29,997.72,993.74,763.12M,0.38%
643,"Jun 16, 2017",992.10,992.13,993.98,988.76,811.46M,0.25%
644,"Jun 15, 2017",989.58,990.99,994.30,989.22,640.64M,-0.36%
645,"Jun 14, 2017",993.15,991.66,994.72,989.09,715.81M,0.19%
646,"Jun 13, 2017",991.24,986.35,992.22,985.03,917.44M,0.65%
647,"Jun 12, 2017",984.87,987.78,989.80,982.82,711.62M,-0.27%
648,"Jun 09, 2017",987.52,990.71,991.04,985.79,862.28M,-0.33%
649,"Jun 08, 2017",990.74,988.68,991.81,985.51,845.96M,0.28%
650,"Jun 07, 2017",987.95,990.88,992.82,987.44,789.31M,-0.21%
651,"Jun 06, 2017",990.04,988.95,991.35,985.24,968.97M,0.17%
652,"Jun 05, 2017",988.36,993.57,994.33,985.89,896.33M,-0.19%
653,"Jun 02, 2017",990.22,989.31,992.51,988.30,807.13M,0.25%
654,"Jun 01, 2017",987.79,986.69,989.64,984.64,1.06B,0.17%
655,"May 31, 2017",986.08,993.70,995.34,984.18,1.12B,-0.55%
656,"May 30, 2017",991.49,993.01,993.91,990.93,482.85M,-0.04%
657,"May 29, 2017",991.87,991.79,993.90,989.92,655.45M,-0.01%
658,"May 26, 2017",991.97,991.83,994.51,990.09,746.37M,-0.05%
659,"May 25, 2017",992.43,993.57,994.86,991.07,754.16M,0.08%
660,"May 24, 2017",991.62,991.23,993.48,989.58,805.49M,0.09%
661,"May 23, 2017",990.69,989.04,991.99,987.18,776.50M,0.34%
662,"May 22, 2017",987.38,985.24,989.57,985.21,841.45M,0.52%
663,"May 19, 2017",982.25,981.71,984.97,979.92,783.98M,0.14%
664,"May 18, 2017",980.83,981.39,984.28,979.23,793.74M,-0.32%
665,"May 17, 2017",983.98,985.09,987.98,983.02,1.33B,-0.07%
666,"May 16, 2017",984.66,980.64,986.26,979.65,1.35B,0.40%
667,"May 15, 2017",980.75,982.29,983.19,976.94,1.08B,-0.27%
668,"May 12, 2017",983.37,989.56,989.56,979.40,1.24B,-0.61%
669,"May 11, 2017",989.38,994.54,995.70,986.24,1.14B,-0.41%
670,"May 09, 2017",993.46,998.46,998.94,991.19,966.95M,-0.31%
671,"May 08, 2017",996.56,996.87,998.70,994.42,760.59M,-0.07%
672,"May 05, 2017",997.24,997.67,998.75,992.96,773.58M,-0.18%
673,"May 04, 2017",999.01,994.79,"1,000.63",994.59,987.41M,0.55%
674,"May 03, 2017",993.57,993.77,997.19,992.85,632.30M,0.08%
675,"May 02, 2017",992.82,994.03,997.39,992.36,643.94M,-0.12%
676,"Apr 28, 2017",993.98,996.60,997.20,992.20,1.02B,-0.12%
677,"Apr 27, 2017",995.19,996.13,997.36,992.55,705.15M,-0.17%
678,"Apr 26, 2017",996.93,993.71,998.89,991.47,1.03B,0.36%
679,"Apr 25, 2017",993.39,994.19,996.76,987.25,1.23B,0.09%
680,"Apr 24, 2017",992.51,996.31,997.62,990.36,844.56M,-0.33%
681,"Apr 21, 2017",995.83,995.56,998.69,994.60,943.04M,0.20%
682,"Apr 20, 2017",993.86,992.80,998.18,991.91,1.18B,0.10%
683,"Apr 19, 2017",992.89,997.01,998.39,992.71,1.49B,-0.48%
684,"Apr 18, 2017",997.68,"1,002.31","1,004.78",997.62,980.59M,-0.21%
685,"Apr 17, 2017",999.77,"1,005.88","1,006.04",998.52,596.67M,-0.94%
686,"Apr 12, 2017","1,009.23","1,005.30","1,009.23","1,004.70",715.93M,0.60%
687,"Apr 11, 2017","1,003.25","1,003.65","1,006.90","1,001.83",809.93M,0.07%
688,"Apr 10, 2017","1,002.50","1,000.60","1,003.78",997.74,653.60M,-0.08%
689,"Apr 07, 2017","1,003.26",998.53,"1,003.59",995.75,853.72M,0.31%
690,"Apr 05, 2017","1,000.13","1,000.87","1,002.47",996.20,1.08B,-0.08%
691,"Apr 04, 2017","1,000.98",998.94,"1,002.48",996.97,951.57M,0.16%
692,"Apr 03, 2017",999.39,998.92,"1,002.35",997.90,853.26M,0.30%
693,"Mar 31, 2017",996.44,"1,002.97","1,004.58",996.44,1.28B,-0.51%
694,"Mar 30, 2017","1,001.52",997.96,"1,005.43",996.41,1.13B,0.39%
695,"Mar 29, 2017",997.63,998.86,"1,001.37",995.63,860.60M,-0.28%
696,"Mar 28, 2017","1,000.40",997.38,"1,002.49",996.36,1.07B,0.50%
697,"Mar 27, 2017",995.43,997.73,999.94,994.20,651.90M,-0.28%
698,"Mar 24, 2017",998.25,993.32,999.93,992.16,1.12B,0.50%
699,"Mar 23, 2017",993.25,995.72,996.60,992.40,732.53M,0.12%
700,"Mar 22, 2017",992.07,987.87,995.03,985.81,899.21M,-0.19%
701,"Mar 21, 2017",993.96,991.29,996.44,989.89,995.71M,0.45%
702,"Mar 20, 2017",989.53,991.07,994.59,987.92,934.67M,0.11%
703,"Mar 17, 2017",988.44,988.28,989.58,984.14,1.25B,0.18%
704,"Mar 16, 2017",986.70,982.58,989.20,980.28,1.62B,1.13%
705,"Mar 15, 2017",975.71,976.70,978.63,973.43,969.00M,-0.16%
706,"Mar 14, 2017",977.25,975.16,980.35,973.36,925.29M,0.19%
707,"Mar 13, 2017",975.37,972.25,975.88,968.15,938.24M,0.26%
708,"Mar 10, 2017",972.88,976.89,977.45,970.11,794.41M,-0.47%
709,"Mar 09, 2017",977.50,977.33,979.51,973.94,718.41M,-0.27%
710,"Mar 08, 2017",980.14,974.31,980.71,968.10,1.11B,0.58%
711,"Mar 07, 2017",974.53,975.37,978.89,972.94,710.76M,-0.10%
712,"Mar 06, 2017",975.54,981.46,982.10,973.12,836.02M,-0.80%
713,"Mar 03, 2017",983.41,983.41,985.74,982.05,1.02B,-0.26%
714,"Mar 02, 2017",985.93,988.19,989.79,985.39,1.08B,-0.00%
715,"Mar 01, 2017",985.94,981.19,986.01,979.67,1.07B,0.76%
716,"Feb 28, 2017",978.46,978.00,981.18,977.39,761.68M,0.25%
717,"Feb 27, 2017",976.06,977.72,979.83,975.54,767.56M,-0.56%
718,"Feb 24, 2017",981.51,981.92,984.23,978.57,1.05B,-0.11%
719,"Feb 23, 2017",982.64,985.23,985.56,979.65,1.52B,-0.45%
720,"Feb 22, 2017",987.05,983.76,987.56,979.68,927.52M,0.61%
721,"Feb 21, 2017",981.03,989.62,993.87,981.03,1.06B,-0.88%
722,"Feb 20, 2017",989.74,990.97,992.42,986.52,967.24M,0.08%
723,"Feb 17, 2017",988.95,989.56,993.92,988.57,974.68M,0.19%
724,"Feb 16, 2017",987.04,985.39,990.11,983.72,1.11B,0.25%
725,"Feb 15, 2017",984.60,980.85,985.62,975.67,1.66B,0.30%
726,"Feb 14, 2017",981.66,993.55,994.52,980.72,1.09B,-1.08%
727,"Feb 10, 2017",992.36,995.08,995.91,990.36,1.15B,0.20%
728,"Feb 09, 2017",990.33,998.74,"1,000.66",990.15,1.12B,-0.59%
729,"Feb 08, 2017",996.23,990.91,"1,000.71",989.90,1.44B,0.50%
730,"Feb 07, 2017",991.30,994.49,997.32,988.97,933.37M,-0.51%
731,"Feb 06, 2017",996.40,993.72,998.78,991.17,1.30B,0.55%
732,"Feb 03, 2017",990.97,982.49,993.43,980.49,1.10B,0.87%
733,"Feb 02, 2017",982.41,984.91,988.59,981.46,904.01M,-0.23%
734,"Feb 01, 2017",984.71,982.22,987.18,979.10,1.23B,0.05%
735,"Jan 31, 2017",984.21,991.02,991.68,982.97,1.31B,-1.06%
736,"Jan 30, 2017",994.76,994.15,997.52,991.84,621.54M,-0.13%
737,"Jan 27, 2017",996.10,997.54,998.24,993.03,940.02M,-0.23%
738,"Jan 26, 2017",998.44,"1,000.98","1,004.03",993.98,1.91B,0.80%
739,"Jan 25, 2017",990.51,987.34,992.74,984.83,2.83B,0.64%
740,"Jan 24, 2017",984.23,977.12,985.07,976.89,2.94B,0.84%
741,"Jan 23, 2017",976.04,975.90,977.74,973.27,1.01B,0.34%
742,"Jan 20, 2017",972.72,967.73,975.63,966.29,1.89B,0.36%
743,"Jan 19, 2017",969.19,971.26,972.52,963.58,1.57B,-0.35%
744,"Jan 18, 2017",972.59,978.13,980.01,972.51,1.79B,-0.43%
745,"Jan 17, 2017",976.82,980.06,983.43,976.05,1.45B,-0.30%
746,"Jan 16, 2017",979.74,981.55,984.25,976.33,1.08B,-0.35%
747,"Jan 13, 2017",983.23,982.47,984.68,977.89,1.08B,0.40%
748,"Jan 12, 2017",979.29,987.07,987.25,977.98,1.62B,-0.27%
749,"Jan 11, 2017",981.90,982.99,989.57,981.90,1.50B,-0.19%
750,"Jan 10, 2017",983.72,977.64,985.65,977.60,1.67B,0.53%
751,"Jan 09, 2017",978.56,984.33,984.99,976.03,1.56B,-0.54%
752,"Jan 06, 2017",983.91,986.65,988.39,980.63,2.10B,-0.16%
753,"Jan 05, 2017",985.53,983.91,988.18,980.40,1.99B,0.47%
754,"Jan 04, 2017",980.93,968.24,981.50,968.12,1.98B,1.67%
755,"Dec 30, 2016",964.84,963.08,968.60,961.74,705.94M,0.30%
756,"Dec 29, 2016",961.96,950.76,966.85,950.31,718.65M,1.11%
757,"Dec 28, 2016",951.39,948.33,953.35,946.45,620.27M,0.58%
758,"Dec 27, 2016",945.88,945.86,948.02,944.34,495.14M,0.05%
759,"Dec 26, 2016",945.45,942.19,947.04,941.89,438.10M,0.48%
760,"Dec 23, 2016",940.98,938.85,943.81,936.20,628.37M,0.25%
761,"Dec 22, 2016",938.60,940.70,941.29,936.00,482.28M,-0.18%
762,"Dec 21, 2016",940.30,945.40,946.97,940.07,489.36M,-0.41%
763,"Dec 20, 2016",944.18,949.21,949.52,940.86,655.80M,-0.42%
764,"Dec 19, 2016",948.14,947.65,950.70,946.42,666.87M,0.16%
765,"Dec 16, 2016",946.62,949.26,951.63,946.13,898.94M,-0.04%
766,"Dec 15, 2016",946.98,945.76,950.22,944.23,1.02B,-0.33%
767,"Dec 14, 2016",950.09,956.60,957.42,948.52,993.01M,-0.71%
768,"Dec 13, 2016",956.86,955.22,959.08,950.12,1.32B,0.26%
769,"Dec 09, 2016",954.37,958.60,959.36,951.35,910.75M,0.07%
770,"Dec 08, 2016",953.68,953.71,958.22,953.24,1.20B,0.21%
771,"Dec 07, 2016",951.71,947.78,954.45,946.49,1.01B,0.17%
772,"Dec 06, 2016",950.09,942.64,950.09,939.29,755.42M,1.05%
773,"Dec 02, 2016",940.21,948.23,952.01,937.68,758.25M,-0.75%
774,"Dec 01, 2016",947.32,950.36,954.22,946.37,1.12B,0.44%
775,"Nov 30, 2016",943.18,933.12,945.14,930.88,1.21B,1.15%
776,"Nov 29, 2016",932.48,940.24,942.05,931.85,1.09B,-0.25%
777,"Nov 28, 2016",934.78,936.51,937.73,933.44,895.60M,-0.07%
778,"Nov 25, 2016",935.46,931.41,935.46,930.41,953.48M,0.80%
779,"Nov 24, 2016",928.03,931.72,933.48,927.01,1.44B,-0.55%
780,"Nov 23, 2016",933.20,928.96,933.22,927.08,1.08B,0.84%
781,"Nov 22, 2016",925.45,925.19,928.44,923.97,1.07B,0.66%
782,"Nov 21, 2016",919.41,919.31,923.89,916.27,883.31M,0.24%
783,"Nov 18, 2016",917.20,916.61,919.27,911.72,1.03B,-0.09%
784,"Nov 17, 2016",918.03,919.03,919.98,912.03,1.26B,0.08%
785,"Nov 16, 2016",917.28,925.72,928.19,917.24,1.27B,-0.31%
786,"Nov 15, 2016",920.17,917.67,921.96,909.30,1.58B,0.63%
787,"Nov 14, 2016",914.45,923.08,924.68,913.04,1.33B,-2.07%
788,"Nov 11, 2016",933.81,942.45,942.94,932.93,2.23B,-1.37%
789,"Nov 10, 2016",946.79,950.72,952.98,946.22,2.20B,0.29%
790,"Nov 09, 2016",944.07,937.41,944.08,928.15,3.90B,-0.14%
791,"Nov 08, 2016",945.39,939.59,946.15,937.47,2.24B,0.75%
792,"Nov 07, 2016",938.33,934.02,940.71,932.90,1.23B,1.28%
793,"Nov 04, 2016",926.47,928.19,931.06,923.23,1.16B,-0.63%
794,"Nov 03, 2016",932.36,936.70,942.18,932.31,1.27B,-0.57%
795,"Nov 02, 2016",937.75,940.80,940.97,934.74,1.15B,-0.51%
796,"Nov 01, 2016",942.56,939.53,944.40,938.73,1.51B,0.63%
797,"Oct 31, 2016",936.66,937.37,939.35,934.67,848.85M,-0.22%
798,"Oct 28, 2016",938.72,942.76,943.31,935.96,1.03B,-0.27%
799,"Oct 27, 2016",941.27,938.10,944.11,936.85,1.22B,0.30%
800,"Oct 26, 2016",938.42,948.02,949.07,938.42,1.08B,-1.13%
801,"Oct 25, 2016",949.16,949.75,950.94,943.82,1.13B,0.23%
802,"Oct 21, 2016",947.01,945.48,948.30,942.24,1.56B,0.26%
803,"Oct 20, 2016",944.52,947.47,949.71,944.16,1.65B,0.46%
804,"Oct 19, 2016",940.21,932.25,944.93,930.38,1.74B,0.27%
805,"Oct 18, 2016",937.67,941.07,942.78,932.33,1.62B,-0.22%
806,"Oct 17, 2016",939.76,937.61,944.46,932.02,1.82B,-0.43%
807,"Oct 14, 2016",943.85,941.68,947.19,929.68,3.31B,4.09%
808,"Oct 13, 2016",906.77,883.77,906.77,863.11,3.31B,1.17%
809,"Oct 12, 2016",896.30,910.77,912.60,850.23,4.16B,-2.27%
810,"Oct 11, 2016",917.14,933.67,934.89,910.55,1.92B,-1.16%
811,"Oct 10, 2016",927.87,924.39,936.60,922.30,2.39B,-3.07%
812,"Oct 07, 2016",957.23,963.65,964.20,954.50,1.37B,-0.67%
813,"Oct 06, 2016",963.65,964.12,967.78,961.03,1.77B,0.09%
814,"Oct 05, 2016",962.77,965.61,966.51,960.06,1.36B,-0.11%
815,"Oct 04, 2016",963.83,953.21,964.94,951.65,1.63B,1.43%
816,"Oct 03, 2016",950.24,949.75,952.83,947.88,1.28B,0.62%
817,"Sep 30, 2016",944.42,945.45,948.79,942.11,1.14B,-0.58%
818,"Sep 29, 2016",949.91,949.80,955.91,946.97,1.43B,0.91%
819,"Sep 28, 2016",941.30,946.70,949.24,938.82,1.11B,-0.66%
820,"Sep 27, 2016",947.58,951.88,955.09,947.58,849.53M,-0.14%
821,"Sep 26, 2016",948.87,942.81,950.52,940.53,952.36M,-0.30%
822,"Sep 23, 2016",951.73,961.04,961.04,946.52,1.41B,-0.98%
823,"Sep 22, 2016",961.13,957.35,962.72,954.44,1.57B,1.35%
824,"Sep 21, 2016",948.33,944.05,956.21,943.04,1.89B,1.02%
825,"Sep 20, 2016",938.80,949.41,949.77,933.77,1.37B,-1.37%
826,"Sep 19, 2016",951.81,946.16,952.61,943.64,1.33B,0.83%
827,"Sep 16, 2016",943.94,936.86,943.94,933.70,2.18B,1.26%
828,"Sep 15, 2016",932.21,931.36,936.70,928.37,1.30B,0.14%
829,"Sep 14, 2016",930.95,923.74,933.75,922.63,1.04B,0.59%
830,"Sep 13, 2016",925.46,913.50,928.18,910.82,1.48B,2.90%
831,"Sep 12, 2016",899.38,907.68,913.48,899.06,1.44B,-2.40%
832,"Sep 09, 2016",921.48,927.59,930.92,915.62,1.68B,-0.68%
833,"Sep 08, 2016",927.82,944.81,945.81,924.36,2.22B,-1.65%
834,"Sep 07, 2016",943.39,952.51,959.61,943.18,1.45B,-0.72%
835,"Sep 06, 2016",950.22,950.07,955.43,946.72,1.62B,0.12%
836,"Sep 05, 2016",949.11,968.82,969.55,939.06,2.29B,-1.59%
837,"Sep 02, 2016",964.44,977.47,978.07,961.14,2.00B,-1.40%
838,"Sep 01, 2016",978.17,983.85,984.67,978.17,1.63B,-0.52%
839,"Aug 31, 2016",983.26,981.71,983.82,976.86,1.29B,0.02%
840,"Aug 30, 2016",983.07,985.46,988.74,983.07,1.12B,0.05%
841,"Aug 29, 2016",982.53,988.51,989.74,979.32,1.41B,-0.48%
842,"Aug 26, 2016",987.29,984.01,991.87,983.52,1.13B,0.38%
843,"Aug 25, 2016",983.53,988.39,991.16,979.62,1.64B,-0.27%
844,"Aug 24, 2016",986.20,981.00,988.24,978.34,1.60B,0.51%
845,"Aug 23, 2016",981.17,976.28,982.21,973.04,1.74B,-0.14%
846,"Aug 22, 2016",982.53,979.97,984.59,978.31,1.68B,0.13%
847,"Aug 19, 2016",981.26,989.33,991.05,979.28,1.38B,-0.66%
848,"Aug 18, 2016",987.73,980.27,990.10,979.20,1.83B,1.11%
849,"Aug 17, 2016",976.90,979.85,983.46,975.45,1.67B,-0.50%
850,"Aug 16, 2016",981.84,991.54,994.70,978.40,1.91B,-0.73%
851,"Aug 15, 2016",989.06,982.67,995.59,981.34,1.82B,-0.17%
852,"Aug 11, 2016",990.71,987.18,990.73,984.01,2.00B,0.42%
853,"Aug 10, 2016",986.58,987.88,990.54,982.00,1.69B,0.05%
854,"Aug 09, 2016",986.05,984.87,989.78,981.90,1.93B,0.30%
855,"Aug 08, 2016",983.07,978.07,983.45,973.73,1.94B,2.12%
856,"Aug 05, 2016",962.62,960.11,963.63,958.02,1.41B,0.95%
857,"Aug 04, 2016",953.56,955.01,958.48,952.50,1.35B,0.05%
858,"Aug 03, 2016",953.09,945.32,954.75,942.22,1.67B,0.80%
859,"Aug 02, 2016",945.53,952.25,955.76,944.59,1.88B,-1.13%
860,"Aug 01, 2016",956.31,969.60,971.15,954.93,2.15B,-0.84%
861,"Jul 29, 2016",964.44,968.29,971.32,963.98,1.75B,-0.28%
862,"Jul 28, 2016",967.14,960.01,968.63,955.16,1.83B,0.73%
863,"Jul 27, 2016",960.17,957.90,961.83,956.92,1.62B,0.79%
864,"Jul 26, 2016",952.66,960.54,962.23,950.40,2.10B,-0.73%
865,"Jul 25, 2016",959.62,957.02,963.53,956.25,1.95B,0.07%
866,"Jul 22, 2016",958.98,953.20,959.54,948.76,1.54B,0.53%
867,"Jul 21, 2016",953.96,959.17,963.90,953.68,1.70B,-0.51%
868,"Jul 20, 2016",958.84,949.51,958.84,948.08,1.85B,1.69%
869,"Jul 15, 2016",942.95,945.01,948.38,941.50,1.56B,0.02%
870,"Jul 14, 2016",942.75,935.36,942.95,931.65,2.06B,0.90%
871,"Jul 13, 2016",934.38,935.58,937.70,931.52,2.65B,0.36%
872,"Jul 12, 2016",931.03,929.43,932.99,923.88,2.49B,0.53%
873,"Jul 11, 2016",926.08,922.34,928.03,921.14,2.38B,1.11%
874,"Jul 08, 2016",915.88,914.74,917.62,910.03,1.85B,0.05%
875,"Jul 07, 2016",915.44,918.48,921.90,915.32,3.65B,0.18%
876,"Jul 06, 2016",913.75,908.48,917.24,908.04,1.35B,0.03%
877,"Jul 05, 2016",913.48,918.45,921.62,912.81,1.47B,-0.55%
878,"Jul 04, 2016",918.54,916.81,919.97,914.56,1.28B,0.88%
879,"Jun 30, 2016",910.56,914.96,915.68,904.80,1.63B,0.18%
880,"Jun 29, 2016",908.89,911.13,914.24,907.35,2.18B,0.45%
881,"Jun 28, 2016",904.85,898.68,906.06,896.38,1.21B,0.85%
882,"Jun 27, 2016",897.24,890.40,900.10,888.54,1.49B,0.52%
883,"Jun 24, 2016",892.63,893.42,896.77,879.69,3.35B,-2.27%
884,"Jun 23, 2016",913.35,902.23,914.25,896.66,1.31B,1.23%
885,"Jun 22, 2016",902.26,907.97,910.14,900.09,1.14B,-0.59%
886,"Jun 21, 2016",907.65,901.55,909.53,899.89,1.46B,0.73%
887,"Jun 20, 2016",901.08,903.32,904.58,898.92,1.25B,0.11%
888,"Jun 17, 2016",900.11,897.00,900.78,892.77,997.40M,0.78%
889,"Jun 16, 2016",893.11,905.93,906.81,891.96,1.39B,-2.01%
890,"Jun 15, 2016",911.40,907.92,913.11,903.57,1.28B,0.51%
891,"Jun 14, 2016",906.77,902.30,908.14,901.85,1.14B,0.49%
892,"Jun 13, 2016",902.39,901.99,906.37,898.28,2.59B,-0.77%
893,"Jun 10, 2016",909.42,913.23,916.49,909.42,854.79M,-0.53%
894,"Jun 09, 2016",914.25,925.93,927.20,914.25,944.92M,-0.96%
895,"Jun 08, 2016",923.13,921.82,924.33,915.46,994.79M,0.23%
896,"Jun 07, 2016",921.02,925.13,926.79,919.55,1.41B,0.01%
897,"Jun 06, 2016",920.90,920.24,923.91,919.38,1.25B,0.45%
898,"Jun 03, 2016",916.77,911.99,918.03,909.42,1.78B,1.06%
899,"Jun 02, 2016",907.14,904.72,912.75,904.17,1.36B,0.43%
900,"Jun 01, 2016",903.25,909.37,913.52,903.25,1.09B,-0.86%
901,"May 31, 2016",911.11,913.89,914.56,907.41,2.10B,-0.09%
902,"May 30, 2016",911.91,911.61,913.96,906.99,1.41B,0.97%
903,"May 27, 2016",903.13,893.83,903.13,891.84,1.14B,1.05%
904,"May 26, 2016",893.78,892.16,896.16,890.73,1.18B,0.24%
905,"May 25, 2016",891.68,890.31,892.21,886.42,1.08B,1.07%
906,"May 24, 2016",882.25,881.71,884.34,876.84,877.75M,0.05%
907,"May 23, 2016",881.80,885.42,886.37,878.51,1.14B,-0.24%
908,"May 19, 2016",883.91,895.01,895.36,881.67,1.68B,-1.23%
909,"May 18, 2016",894.93,899.85,902.77,894.17,2.19B,-0.50%
910,"May 17, 2016",899.47,896.84,903.42,894.61,2.35B,1.18%
911,"May 16, 2016",889.02,893.60,896.36,886.24,2.19B,0.35%
912,"May 13, 2016",885.90,890.60,894.58,885.57,1.82B,-0.50%
913,"May 12, 2016",890.37,877.21,890.44,876.08,1.49B,1.81%
914,"May 11, 2016",874.54,882.93,885.37,874.45,1.55B,-0.94%
915,"May 10, 2016",882.86,880.83,885.15,877.62,1.40B,-0.46%
916,"May 09, 2016",886.96,882.58,887.07,876.92,1.53B,0.55%
917,"May 04, 2016",882.15,882.40,883.32,877.22,959.30M,-0.51%
918,"May 03, 2016",886.63,890.85,896.05,885.83,1.39B,-0.58%
919,"Apr 29, 2016",891.83,887.50,891.83,882.96,1.82B,0.48%
920,"Apr 28, 2016",887.53,900.91,902.99,885.27,1.20B,-1.07%
921,"Apr 27, 2016",897.16,904.80,906.10,894.88,1.30B,-0.65%
922,"Apr 26, 2016",903.05,894.95,905.80,892.51,1.42B,0.81%
923,"Apr 25, 2016",895.77,897.35,900.11,893.65,938.67M,-0.25%
924,"Apr 22, 2016",898.04,910.18,910.67,898.04,1.38B,-1.21%
925,"Apr 21, 2016",909.05,910.26,916.09,907.04,1.66B,0.69%
926,"Apr 20, 2016",902.84,904.34,906.82,896.94,1.87B,-0.17%
927,"Apr 19, 2016",904.35,893.60,906.27,892.21,1.78B,1.60%
928,"Apr 18, 2016",890.08,881.24,890.08,878.59,1.97B,1.14%
929,"Apr 12, 2016",880.09,873.09,880.84,871.88,1.46B,1.32%
930,"Apr 11, 2016",868.59,871.37,873.90,864.73,831.52M,-0.23%
931,"Apr 08, 2016",870.60,861.58,871.62,856.72,1.42B,1.23%
932,"Apr 07, 2016",860.01,874.48,876.91,860.01,1.71B,-1.61%
933,"Apr 05, 2016",874.04,887.06,887.38,873.78,1.89B,-2.57%
934,"Apr 04, 2016",897.12,897.86,899.58,894.23,961.60M,-0.25%
935,"Apr 01, 2016",899.39,902.60,903.90,895.26,1.33B,-0.72%
936,"Mar 31, 2016",905.93,905.22,909.80,900.45,1.13B,-0.31%
937,"Mar 30, 2016",908.79,901.71,916.95,901.21,1.88B,1.53%
938,"Mar 29, 2016",895.07,892.85,896.22,889.86,1.11B,0.20%
939,"Mar 28, 2016",893.29,897.65,900.74,891.23,1.33B,-0.47%
940,"Mar 25, 2016",897.50,908.57,910.86,897.50,1.42B,-1.11%
941,"Mar 24, 2016",907.57,909.03,913.64,905.92,1.76B,-0.68%
942,"Mar 23, 2016",913.76,900.59,914.08,897.85,2.48B,1.29%
943,"Mar 22, 2016",902.10,905.63,906.43,896.59,1.27B,0.36%
944,"Mar 21, 2016",898.86,889.93,898.88,886.52,2.04B,1.13%
945,"Mar 18, 2016",888.84,891.59,893.84,882.69,1.84B,0.29%
946,"Mar 17, 2016",886.31,892.16,893.58,886.07,2.02B,0.36%
947,"Mar 16, 2016",883.15,892.34,897.06,877.20,2.18B,-0.67%
948,"Mar 15, 2016",889.12,895.12,896.79,886.66,1.60B,-1.16%
949,"Mar 14, 2016",899.54,905.62,910.48,897.90,2.18B,-0.02%
950,"Mar 11, 2016",899.73,893.19,902.97,892.35,2.62B,1.34%
951,"Mar 10, 2016",887.86,900.77,901.03,886.44,2.84B,-1.40%
952,"Mar 09, 2016",900.49,884.38,900.51,880.02,2.59B,1.42%
953,"Mar 08, 2016",887.92,901.13,906.53,886.78,3.90B,-1.94%
954,"Mar 07, 2016",905.47,895.56,905.56,894.81,4.57B,1.75%
955,"Mar 04, 2016",889.89,896.39,898.49,887.45,2.57B,-0.12%
956,"Mar 03, 2016",890.96,884.51,894.33,882.78,2.69B,1.25%
957,"Mar 02, 2016",879.95,871.97,886.00,869.52,4.64B,1.68%
958,"Mar 01, 2016",865.40,854.20,865.40,850.96,2.48B,1.69%
959,"Feb 29, 2016",851.02,859.14,859.86,851.02,1.19B,-0.99%
960,"Feb 26, 2016",859.51,854.87,860.26,853.16,1.47B,0.98%
961,"Feb 25, 2016",851.17,855.18,855.94,845.96,1.33B,-0.02%
962,"Feb 24, 2016",851.36,844.57,855.85,842.53,1.28B,0.34%
963,"Feb 23, 2016",848.50,848.01,851.46,842.71,1.64B,0.48%
964,"Feb 19, 2016",844.43,821.76,844.45,820.99,1.66B,2.72%
965,"Feb 18, 2016",822.03,822.30,825.79,815.68,1.43B,0.90%
966,"Feb 17, 2016",814.71,811.69,815.06,803.75,1.39B,0.07%
967,"Feb 16, 2016",814.10,818.95,821.21,812.30,928.48M,0.17%
968,"Feb 15, 2016",812.74,812.34,817.30,809.46,861.58M,1.04%
969,"Feb 12, 2016",804.38,806.41,809.31,798.90,1.18B,-0.02%
970,"Feb 11, 2016",804.55,817.41,823.40,804.55,1.47B,-2.13%
971,"Feb 10, 2016",822.04,818.24,823.77,814.70,1.02B,0.06%
972,"Feb 09, 2016",821.52,818.41,822.54,814.14,1.04B,-0.48%
973,"Feb 08, 2016",825.48,827.29,830.54,823.44,645.71M,-0.34%
974,"Feb 05, 2016",828.28,826.96,828.98,822.66,1.19B,0.85%
975,"Feb 04, 2016",821.30,822.58,824.98,818.74,1.35B,0.57%
976,"Feb 03, 2016",816.62,804.05,816.72,802.33,1.45B,0.71%
977,"Feb 02, 2016",810.85,819.86,823.85,810.57,1.59B,-1.33%
978,"Feb 01, 2016",821.82,824.13,831.04,818.04,2.28B,-0.53%
979,"Jan 29, 2016",826.21,815.62,826.21,812.61,1.99B,1.59%
980,"Jan 28, 2016",813.29,807.14,813.44,800.17,1.70B,1.33%
981,"Jan 27, 2016",802.65,801.22,807.59,799.74,2.23B,1.04%
982,"Jan 26, 2016",794.42,788.40,796.69,787.08,1.95B,0.03%
983,"Jan 25, 2016",794.17,800.21,806.12,793.07,2.32B,0.08%
984,"Jan 22, 2016",793.57,786.85,797.31,781.11,1.90B,2.39%
985,"Jan 21, 2016",775.07,785.65,787.82,768.58,1.38B,-0.06%
986,"Jan 20, 2016",775.54,778.34,781.44,772.34,1.65B,-1.89%
987,"Jan 19, 2016",790.51,773.75,792.74,773.50,1.60B,2.44%
988,"Jan 18, 2016",771.71,763.34,776.70,760.55,1.25B,-0.23%
989,"Jan 15, 2016",773.46,793.02,796.42,772.50,1.58B,-2.08%
990,"Jan 14, 2016",789.91,792.52,798.97,787.48,1.98B,-1.74%
991,"Jan 13, 2016",803.90,796.13,804.17,790.96,2.56B,2.26%
992,"Jan 12, 2016",786.13,767.05,786.13,766.76,1.92B,2.12%
993,"Jan 11, 2016",769.81,768.73,770.38,757.91,1.66B,-1.04%
994,"Jan 08, 2016",777.88,767.73,779.65,764.58,1.58B,2.12%
995,"Jan 07, 2016",761.75,771.44,775.08,761.69,2.12B,-3.58%
996,"Jan 06, 2016",790.02,782.90,790.74,780.43,1.62B,0.55%
997,"Jan 05, 2016",785.72,797.70,799.26,784.37,1.46B,-1.16%
998,"Jan 04, 2016",794.95,811.91,812.00,791.95,1.05B,-2.29%
999,"Feb 03, 2020","1,005.79","1,013.10","1,018.89","1,005.79",1.08M,-1.21%
